observation_id	instrument	metric	source	source_url_or_id	ingested_at	market_time	data_quality	raw_object
01M2PCPGCKT2AH2XYQQQ5M38CV	BTC	candle_close	hyperliquid.info	candleSnapshot:BTC:1788998400000	2026-09-17T00:36:34.348256Z	2026-09-10T00:00:00.000Z	ok	Y
01M2PCPGCYRAJ09AGYQJGCHS0J	BTC	candle_close	hyperliquid.info	candleSnapshot:BTC:1789002000000	2026-09-17T00:36:34.348256Z	2026-09-10T01:00:00.000Z	ok	Y
01M2PCPGD7GE4647G2PKMD84EK	BTC	candle_close	hyperliquid.info	candleSnapshot:BTC:1789005600000	2026-09-17T00:36:34.348256Z	2026-09-10T02:00:00.000Z	ok	Y
01M2PCPGDG33RB8SCPA7FHEYBK	BTC	candle_close	hyperliquid.info	candleSnapshot:BTC:1789009200000	2026-09-17T00:36:34.348256Z	2026-09-10T03:00:00.000Z	ok	Y
01M2PCPGDRZZQ530FFGM6WX4CN	BTC	candle_close	hyperliquid.info	candleSnapshot:BTC:1789012800000	2026-09-17T00:36:34.348256Z	2026-09-10T04:00:00.000Z	ok	Y
01M2PCPGE1KHSRYKVSP1VS930B	BTC	candle_close	hyperliquid.info	candleSnapshot:BTC:1789016400000	2026-09-17T00:36:34.348256Z	2026-09-10T05:00:00.000Z	ok	Y
01M2PCPGEB4JSZ26VY09ZR1RQ5	BTC	candle_close	hyperliquid.info	candleSnapshot:BTC:1789020000000	2026-09-17T00:36:34.348256Z	2026-09-10T06:00:00.000Z	ok	Y
01M2PCPGEM66BMXZ30AJK0PJAT	BTC	candle_close	hyperliquid.info	candleSnapshot:BTC:1789023600000	2026-09-17T00:36:34.348256Z	2026-09-10T07:00:00.000Z	ok	Y
01M2PCPGEX97KRA5Z2R9X0ZJ1S	BTC	candle_close	hyperliquid.info	candleSnapshot:BTC:1789027200000	2026-09-17T00:36:34.348256Z	2026-09-10T08:00:00.000Z	ok	Y
01M2PCPGF70Z26MHYHBV133BMR	BTC	candle_close	hyperliquid.info	candleSnapshot:BTC:1789030800000	2026-09-17T00:36:34.348256Z	2026-09-10T09:00:00.000Z	ok	Y
01M2PCPGFHFKS4D5JN48JNCH39	BTC	candle_close	hyperliquid.info	candleSnapshot:BTC:1789034400000	2026-09-17T00:36:34.348256Z	2026-09-10T10:00:00.000Z	ok	Y
01M2PCPGFS5YPMX6DHKCVVR5FX	BTC	candle_close	hyperliquid.info	candleSnapshot:BTC:1789038000000	2026-09-17T00:36:34.348256Z	2026-09-10T11:00:00.000Z	ok	Y
01M2PCPGG1D918EJ8V4GTA4GM2	BTC	candle_close	hyperliquid.info	candleSnapshot:BTC:1789041600000	2026-09-17T00:36:34.348256Z	2026-09-10T12:00:00.000Z	ok	Y
01M2PCPGGACXTPY31D1AMRG2HD	BTC	candle_close	hyperliquid.info	candleSnapshot:BTC:1789045200000	2026-09-17T00:36:34.348256Z	2026-09-10T13:00:00.000Z	ok	Y
01M2PCPGGJCYDWSA4DQ5J2BN6Z	BTC	candle_close	hyperliquid.info	candleSnapshot:BTC:1789048800000	2026-09-17T00:36:34.348256Z	2026-09-10T14:00:00.000Z	ok	Y
01M2PCPGGVXAM4YJGQVXZVCPK5	BTC	candle_close	hyperliquid.info	candleSnapshot:BTC:1789052400000	2026-09-17T00:36:34.348256Z	2026-09-10T15:00:00.000Z	ok	Y
01M2PCPGH5NTD7RNMBNTCEZ09E	BTC	candle_close	hyperliquid.info	candleSnapshot:BTC:1789056000000	2026-09-17T00:36:34.348256Z	2026-09-10T16:00:00.000Z	ok	Y
01M2PCPGHES1HFCYH3QRN2QHM8	BTC	candle_close	hyperliquid.info	candleSnapshot:BTC:1789059600000	2026-09-17T00:36:34.348256Z	2026-09-10T17:00:00.000Z	ok	Y
01M2PCPGHQCP06N9DHDB4M3KAN	BTC	candle_close	hyperliquid.info	candleSnapshot:BTC:1789063200000	2026-09-17T00:36:34.348256Z	2026-09-10T18:00:00.000Z	ok	Y
01M2PCPGJ0757RV554N7FXDQYJ	BTC	candle_close	hyperliquid.info	candleSnapshot:BTC:1789066800000	2026-09-17T00:36:34.348256Z	2026-09-10T19:00:00.000Z	ok	Y
01M2PCPGJ9GG0AMG9K0AB6GWGN	BTC	candle_close	hyperliquid.info	candleSnapshot:BTC:1789070400000	2026-09-17T00:36:34.348256Z	2026-09-10T20:00:00.000Z	ok	Y
01M2PCPGJH1QJW31AARXESXFWX	BTC	candle_close	hyperliquid.info	candleSnapshot:BTC:1789074000000	2026-09-17T00:36:34.348256Z	2026-09-10T21:00:00.000Z	ok	Y
01M2PCPGJRYZWF91HKMSF7ZYW1	BTC	candle_close	hyperliquid.info	candleSnapshot:BTC:1789077600000	2026-09-17T00:36:34.348256Z	2026-09-10T22:00:00.000Z	ok	Y
01M2PCPGK15G4640V7BN1TGQTQ	BTC	candle_close	hyperliquid.info	candleSnapshot:BTC:1789081200000	2026-09-17T00:36:34.348256Z	2026-09-10T23:00:00.000Z	ok	Y
01M2PCPGKAKYH9WWMY81WQ5WFV	BTC	candle_close	hyperliquid.info	candleSnapshot:BTC:1789084800000	2026-09-17T00:36:34.348256Z	2026-09-11T00:00:00.000Z	ok	Y
01M2PCPGKJ3ZEDGEGMZ9PGKHS6	BTC	candle_close	hyperliquid.info	candleSnapshot:BTC:1789088400000	2026-09-17T00:36:34.348256Z	2026-09-11T01:00:00.000Z	ok	Y
01M2PCPGKVD88T08XRVMQH84MA	BTC	candle_close	hyperliquid.info	candleSnapshot:BTC:1789092000000	2026-09-17T00:36:34.348256Z	2026-09-11T02:00:00.000Z	ok	Y
01M2PCPGM2VHP56X1SQPS480YP	BTC	candle_close	hyperliquid.info	candleSnapshot:BTC:1789095600000	2026-09-17T00:36:34.348256Z	2026-09-11T03:00:00.000Z	ok	Y
01M2PCPGMCTZJAJG2WYS4D8B7G	BTC	candle_close	hyperliquid.info	candleSnapshot:BTC:1789099200000	2026-09-17T00:36:34.348256Z	2026-09-11T04:00:00.000Z	ok	Y
01M2PCPGMNEMJ5M2KZGXHWNJXN	BTC	candle_close	hyperliquid.info	candleSnapshot:BTC:1789102800000	2026-09-17T00:36:34.348256Z	2026-09-11T05:00:00.000Z	ok	Y
01M2PCPGMY8CFGTHDQ4ME9MV35	BTC	candle_close	hyperliquid.info	candleSnapshot:BTC:1789106400000	2026-09-17T00:36:34.348256Z	2026-09-11T06:00:00.000Z	ok	Y
01M2PCPGN7G56W5CAC3PATT56Q	BTC	candle_close	hyperliquid.info	candleSnapshot:BTC:1789110000000	2026-09-17T00:36:34.348256Z	2026-09-11T07:00:00.000Z	ok	Y
01M2PCPGNG9Y3BBK0BB21KEQ71	BTC	candle_close	hyperliquid.info	candleSnapshot:BTC:1789113600000	2026-09-17T00:36:34.348256Z	2026-09-11T08:00:00.000Z	ok	Y
01M2PCPGNS6QFDSZ5J1YAEZQ3Z	BTC	candle_close	hyperliquid.info	candleSnapshot:BTC:1789117200000	2026-09-17T00:36:34.348256Z	2026-09-11T09:00:00.000Z	ok	Y
01M2PCPGP2Z0D8P590W3T2DD1M	BTC	candle_close	hyperliquid.info	candleSnapshot:BTC:1789120800000	2026-09-17T00:36:34.348256Z	2026-09-11T10:00:00.000Z	ok	Y
01M2PCPGP913WRZG7ABW8DS86R	BTC	candle_close	hyperliquid.info	candleSnapshot:BTC:1789124400000	2026-09-17T00:36:34.348256Z	2026-09-11T11:00:00.000Z	ok	Y
01M2PCPGPJ5PT5Q4BNHT2QZXZE	BTC	candle_close	hyperliquid.info	candleSnapshot:BTC:1789128000000	2026-09-17T00:36:34.348256Z	2026-09-11T12:00:00.000Z	ok	Y
01M2PCPGPVS2Z32JHS1CGYE4KP	BTC	candle_close	hyperliquid.info	candleSnapshot:BTC:1789131600000	2026-09-17T00:36:34.348256Z	2026-09-11T13:00:00.000Z	ok	Y
01M2PCPGQ4J3VHD231S7NWWD3X	BTC	candle_close	hyperliquid.info	candleSnapshot:BTC:1789135200000	2026-09-17T00:36:34.348256Z	2026-09-11T14:00:00.000Z	ok	Y
01M2PCPGQFE7Q2ZBN1X021TB0F	BTC	candle_close	hyperliquid.info	candleSnapshot:BTC:1789138800000	2026-09-17T00:36:34.348256Z	2026-09-11T15:00:00.000Z	ok	Y
01M2PCPGQR2MM6S27G34WGPTZ4	BTC	candle_close	hyperliquid.info	candleSnapshot:BTC:1789142400000	2026-09-17T00:36:34.348256Z	2026-09-11T16:00:00.000Z	ok	Y
01M2PCPGR1TT099JQ4W81N7MBH	BTC	candle_close	hyperliquid.info	candleSnapshot:BTC:1789146000000	2026-09-17T00:36:34.348256Z	2026-09-11T17:00:00.000Z	ok	Y
01M2PCPGRASNZ9C58125XP3SZ7	BTC	candle_close	hyperliquid.info	candleSnapshot:BTC:1789149600000	2026-09-17T00:36:34.348256Z	2026-09-11T18:00:00.000Z	ok	Y
01M2PCPGRMP2QQE2NYFB2YE23X	BTC	candle_close	hyperliquid.info	candleSnapshot:BTC:1789153200000	2026-09-17T00:36:34.348256Z	2026-09-11T19:00:00.000Z	ok	Y
01M2PCPGRXPATRFG8PSA5X02PV	BTC	candle_close	hyperliquid.info	candleSnapshot:BTC:1789156800000	2026-09-17T00:36:34.348256Z	2026-09-11T20:00:00.000Z	ok	Y
01M2PCPGS7KVMS278R8977AXB5	BTC	candle_close	hyperliquid.info	candleSnapshot:BTC:1789160400000	2026-09-17T00:36:34.348256Z	2026-09-11T21:00:00.000Z	ok	Y
01M2PCPGSF7Y3HFDP1RFGVFZZ4	BTC	candle_close	hyperliquid.info	candleSnapshot:BTC:1789164000000	2026-09-17T00:36:34.348256Z	2026-09-11T22:00:00.000Z	ok	Y
01M2PCPGSQVZWEP1FA1RR1FY6D	BTC	candle_close	hyperliquid.info	candleSnapshot:BTC:1789167600000	2026-09-17T00:36:34.348256Z	2026-09-11T23:00:00.000Z	ok	Y
01M2PCPGT0M19AYJW93F34BWR4	BTC	candle_close	hyperliquid.info	candleSnapshot:BTC:1789171200000	2026-09-17T00:36:34.348256Z	2026-09-12T00:00:00.000Z	ok	Y
01M2PCPGTAQR1EW0D3KZXPMYXB	BTC	candle_close	hyperliquid.info	candleSnapshot:BTC:1789174800000	2026-09-17T00:36:34.348256Z	2026-09-12T01:00:00.000Z	ok	Y
01M2PCPGTMMMB81D4YV7NK82S3	BTC	candle_close	hyperliquid.info	candleSnapshot:BTC:1789178400000	2026-09-17T00:36:34.348256Z	2026-09-12T02:00:00.000Z	ok	Y
01M2PCPGTYZ00QT1CEY0HEA8QC	BTC	candle_close	hyperliquid.info	candleSnapshot:BTC:1789182000000	2026-09-17T00:36:34.348256Z	2026-09-12T03:00:00.000Z	ok	Y
01M2PCPGV8TKKHF66EBED3G7A9	BTC	candle_close	hyperliquid.info	candleSnapshot:BTC:1789185600000	2026-09-17T00:36:34.348256Z	2026-09-12T04:00:00.000Z	ok	Y
01M2PCPGVKND4J78PJQ1QXRYJQ	BTC	candle_close	hyperliquid.info	candleSnapshot:BTC:1789189200000	2026-09-17T00:36:34.348256Z	2026-09-12T05:00:00.000Z	ok	Y
01M2PCPGVWNCNZ64WBG6P77156	BTC	candle_close	hyperliquid.info	candleSnapshot:BTC:1789192800000	2026-09-17T00:36:34.348256Z	2026-09-12T06:00:00.000Z	ok	Y
01M2PCPGW6ZK6ZKG2QF00WXPTW	BTC	candle_close	hyperliquid.info	candleSnapshot:BTC:1789196400000	2026-09-17T00:36:34.348256Z	2026-09-12T07:00:00.000Z	ok	Y
01M2PCPGWFTB9QW7QEVQATX3PR	BTC	candle_close	hyperliquid.info	candleSnapshot:BTC:1789200000000	2026-09-17T00:36:34.348256Z	2026-09-12T08:00:00.000Z	ok	Y
01M2PCPGWRBJ1P1QDXKVEQ4B00	BTC	candle_close	hyperliquid.info	candleSnapshot:BTC:1789203600000	2026-09-17T00:36:34.348256Z	2026-09-12T09:00:00.000Z	ok	Y
01M2PCPGX2RDPFH37JGR38CX3D	BTC	candle_close	hyperliquid.info	candleSnapshot:BTC:1789207200000	2026-09-17T00:36:34.348256Z	2026-09-12T10:00:00.000Z	ok	Y
01M2PCPGXB5Q7Q1GGSDX4TJMM5	BTC	candle_close	hyperliquid.info	candleSnapshot:BTC:1789210800000	2026-09-17T00:36:34.348256Z	2026-09-12T11:00:00.000Z	ok	Y
01M2PCPGXN6CWW8049TJJTSS5C	BTC	candle_close	hyperliquid.info	candleSnapshot:BTC:1789214400000	2026-09-17T00:36:34.348256Z	2026-09-12T12:00:00.000Z	ok	Y
01M2PCPGXZAM504Q3P66W4T243	BTC	candle_close	hyperliquid.info	candleSnapshot:BTC:1789218000000	2026-09-17T00:36:34.348256Z	2026-09-12T13:00:00.000Z	ok	Y
01M2PCPGY96A9X1A56SVWHX1RK	BTC	candle_close	hyperliquid.info	candleSnapshot:BTC:1789221600000	2026-09-17T00:36:34.348256Z	2026-09-12T14:00:00.000Z	ok	Y
01M2PCPGYJF56Q5SN9G8NDNZ6X	BTC	candle_close	hyperliquid.info	candleSnapshot:BTC:1789225200000	2026-09-17T00:36:34.348256Z	2026-09-12T15:00:00.000Z	ok	Y
01M2PCPGYWFDHM6A587R0FGNXR	BTC	candle_close	hyperliquid.info	candleSnapshot:BTC:1789228800000	2026-09-17T00:36:34.348256Z	2026-09-12T16:00:00.000Z	ok	Y
01M2PCPGZ4GQHNZE95ZM0V846V	BTC	candle_close	hyperliquid.info	candleSnapshot:BTC:1789232400000	2026-09-17T00:36:34.348256Z	2026-09-12T17:00:00.000Z	ok	Y
01M2PCPGZD3M1AK7JCK2TYYAKA	BTC	candle_close	hyperliquid.info	candleSnapshot:BTC:1789236000000	2026-09-17T00:36:34.348256Z	2026-09-12T18:00:00.000Z	ok	Y
01M2PCPGZRBRJ2EDND2GBJ2TP9	BTC	candle_close	hyperliquid.info	candleSnapshot:BTC:1789239600000	2026-09-17T00:36:34.348256Z	2026-09-12T19:00:00.000Z	ok	Y
01M2PCPH007G5HR2K1G07ND7JK	BTC	candle_close	hyperliquid.info	candleSnapshot:BTC:1789243200000	2026-09-17T00:36:34.348256Z	2026-09-12T20:00:00.000Z	ok	Y
01M2PCPH080XF6KN4092YQATD0	BTC	candle_close	hyperliquid.info	candleSnapshot:BTC:1789246800000	2026-09-17T00:36:34.348256Z	2026-09-12T21:00:00.000Z	ok	Y
01M2PCPH0J0KH9RDTE1Q7BDPHZ	BTC	candle_close	hyperliquid.info	candleSnapshot:BTC:1789250400000	2026-09-17T00:36:34.348256Z	2026-09-12T22:00:00.000Z	ok	Y
01M2PCPH0WDFQS0QJN1QY3HS19	BTC	candle_close	hyperliquid.info	candleSnapshot:BTC:1789254000000	2026-09-17T00:36:34.348256Z	2026-09-12T23:00:00.000Z	ok	Y
01M2PCPH14E3PZDNMCQCVMCFZD	BTC	candle_close	hyperliquid.info	candleSnapshot:BTC:1789257600000	2026-09-17T00:36:34.348256Z	2026-09-13T00:00:00.000Z	ok	Y
01M2PCPH1EVV97Q9W5R5NM7P1V	BTC	candle_close	hyperliquid.info	candleSnapshot:BTC:1789261200000	2026-09-17T00:36:34.348256Z	2026-09-13T01:00:00.000Z	ok	Y
01M2PCPH1RZAJQFFZ883FBYA3E	BTC	candle_close	hyperliquid.info	candleSnapshot:BTC:1789264800000	2026-09-17T00:36:34.348256Z	2026-09-13T02:00:00.000Z	ok	Y
01M2PCPH21DS5NY2KCH4PS1M88	BTC	candle_close	hyperliquid.info	candleSnapshot:BTC:1789268400000	2026-09-17T00:36:34.348256Z	2026-09-13T03:00:00.000Z	ok	Y
01M2PCPH2A1NW1K903PG7M3EWX	BTC	candle_close	hyperliquid.info	candleSnapshot:BTC:1789272000000	2026-09-17T00:36:34.348256Z	2026-09-13T04:00:00.000Z	ok	Y
01M2PCPH2KAJYHNFZC1G4MJ988	BTC	candle_close	hyperliquid.info	candleSnapshot:BTC:1789275600000	2026-09-17T00:36:34.348256Z	2026-09-13T05:00:00.000Z	ok	Y
01M2PCPH2W1RCJW7163WV3ZDHR	BTC	candle_close	hyperliquid.info	candleSnapshot:BTC:1789279200000	2026-09-17T00:36:34.348256Z	2026-09-13T06:00:00.000Z	ok	Y
01M2PCPH35KS0RQERKGRN4RE9A	BTC	candle_close	hyperliquid.info	candleSnapshot:BTC:1789282800000	2026-09-17T00:36:34.348256Z	2026-09-13T07:00:00.000Z	ok	Y
01M2PCPH3D53YKE7R8BYE4TC5N	BTC	candle_close	hyperliquid.info	candleSnapshot:BTC:1789286400000	2026-09-17T00:36:34.348256Z	2026-09-13T08:00:00.000Z	ok	Y
01M2PCPH3QGRDRZZR9H1B0TFND	BTC	candle_close	hyperliquid.info	candleSnapshot:BTC:1789290000000	2026-09-17T00:36:34.348256Z	2026-09-13T09:00:00.000Z	ok	Y
01M2PCPH40XVZM4DB1CMBQ088M	BTC	candle_close	hyperliquid.info	candleSnapshot:BTC:1789293600000	2026-09-17T00:36:34.348256Z	2026-09-13T10:00:00.000Z	ok	Y
01M2PCPH4ANTDBT1MQ0NSMGTB5	BTC	candle_close	hyperliquid.info	candleSnapshot:BTC:1789297200000	2026-09-17T00:36:34.348256Z	2026-09-13T11:00:00.000Z	ok	Y
01M2PCPH4NDM5ZM4GJD2D09P8Q	BTC	candle_close	hyperliquid.info	candleSnapshot:BTC:1789300800000	2026-09-17T00:36:34.348256Z	2026-09-13T12:00:00.000Z	ok	Y
01M2PCPH4ZV3EG05FDQ62JF0CM	BTC	candle_close	hyperliquid.info	candleSnapshot:BTC:1789304400000	2026-09-17T00:36:34.348256Z	2026-09-13T13:00:00.000Z	ok	Y
01M2PCPH59Z6D77S0ZB295QYA1	BTC	candle_close	hyperliquid.info	candleSnapshot:BTC:1789308000000	2026-09-17T00:36:34.348256Z	2026-09-13T14:00:00.000Z	ok	Y
01M2PCPH5J878VMKPE93CR36QW	BTC	candle_close	hyperliquid.info	candleSnapshot:BTC:1789311600000	2026-09-17T00:36:34.348256Z	2026-09-13T15:00:00.000Z	ok	Y
01M2PCPH5VHARRB4GPAG75NZMJ	BTC	candle_close	hyperliquid.info	candleSnapshot:BTC:1789315200000	2026-09-17T00:36:34.348256Z	2026-09-13T16:00:00.000Z	ok	Y
01M2PCPH64AZXP65H8CHQQYX9E	BTC	candle_close	hyperliquid.info	candleSnapshot:BTC:1789318800000	2026-09-17T00:36:34.348256Z	2026-09-13T17:00:00.000Z	ok	Y
01M2PCPH6C9HQARP4V7M4MWEYF	BTC	candle_close	hyperliquid.info	candleSnapshot:BTC:1789322400000	2026-09-17T00:36:34.348256Z	2026-09-13T18:00:00.000Z	ok	Y
01M2PCPH6N4M4YFF99TK0Y42V8	BTC	candle_close	hyperliquid.info	candleSnapshot:BTC:1789326000000	2026-09-17T00:36:34.348256Z	2026-09-13T19:00:00.000Z	ok	Y
01M2PCPH6YZSKK288BRNDFGWSZ	BTC	candle_close	hyperliquid.info	candleSnapshot:BTC:1789329600000	2026-09-17T00:36:34.348256Z	2026-09-13T20:00:00.000Z	ok	Y
01M2PCPH77PQBPN9ZSPJDE5NWF	BTC	candle_close	hyperliquid.info	candleSnapshot:BTC:1789333200000	2026-09-17T00:36:34.348256Z	2026-09-13T21:00:00.000Z	ok	Y
01M2PCPH7GEN5HV4EF26GCNT49	BTC	candle_close	hyperliquid.info	candleSnapshot:BTC:1789336800000	2026-09-17T00:36:34.348256Z	2026-09-13T22:00:00.000Z	ok	Y
01M2PCPH7R6VMBTBBZYKHF6W2J	BTC	candle_close	hyperliquid.info	candleSnapshot:BTC:1789340400000	2026-09-17T00:36:34.348256Z	2026-09-13T23:00:00.000Z	ok	Y
01M2PCPH81VEXJX5099ZS5R1GB	BTC	candle_close	hyperliquid.info	candleSnapshot:BTC:1789344000000	2026-09-17T00:36:34.348256Z	2026-09-14T00:00:00.000Z	ok	Y
01M2PCPH8A4KHDAF96NGTSVJTY	BTC	candle_close	hyperliquid.info	candleSnapshot:BTC:1789347600000	2026-09-17T00:36:34.348256Z	2026-09-14T01:00:00.000Z	ok	Y
01M2PCPH8JBWT4WJ101BGTPB35	BTC	candle_close	hyperliquid.info	candleSnapshot:BTC:1789351200000	2026-09-17T00:36:34.348256Z	2026-09-14T02:00:00.000Z	ok	Y
01M2PCPH8VA2TPSM2PFZHY4BZ0	BTC	candle_close	hyperliquid.info	candleSnapshot:BTC:1789354800000	2026-09-17T00:36:34.348256Z	2026-09-14T03:00:00.000Z	ok	Y
01M2PCPH93AZQTSGCYX0MXWPG5	BTC	candle_close	hyperliquid.info	candleSnapshot:BTC:1789358400000	2026-09-17T00:36:34.348256Z	2026-09-14T04:00:00.000Z	ok	Y
01M2PCPH9CJC9DM9JJ7W9AJMKF	BTC	candle_close	hyperliquid.info	candleSnapshot:BTC:1789362000000	2026-09-17T00:36:34.348256Z	2026-09-14T05:00:00.000Z	ok	Y
01M2PCPH9KDT3MRDXHX4MF5G4V	BTC	candle_close	hyperliquid.info	candleSnapshot:BTC:1789365600000	2026-09-17T00:36:34.348256Z	2026-09-14T06:00:00.000Z	ok	Y
01M2PCPH9VR2DED0914PPWPVNG	BTC	candle_close	hyperliquid.info	candleSnapshot:BTC:1789369200000	2026-09-17T00:36:34.348256Z	2026-09-14T07:00:00.000Z	ok	Y
01M2PCPHA4AYJEMX2Z04A0DKXM	BTC	candle_close	hyperliquid.info	candleSnapshot:BTC:1789372800000	2026-09-17T00:36:34.348256Z	2026-09-14T08:00:00.000Z	ok	Y
01M2PCPHADP10QJS2667N318C1	BTC	candle_close	hyperliquid.info	candleSnapshot:BTC:1789376400000	2026-09-17T00:36:34.348256Z	2026-09-14T09:00:00.000Z	ok	Y
01M2PCPHAP0GAHYYCCCH9W2M5D	BTC	candle_close	hyperliquid.info	candleSnapshot:BTC:1789380000000	2026-09-17T00:36:34.348256Z	2026-09-14T10:00:00.000Z	ok	Y
01M2PCPHAY28TZ2GVGWMD0ESN7	BTC	candle_close	hyperliquid.info	candleSnapshot:BTC:1789383600000	2026-09-17T00:36:34.348256Z	2026-09-14T11:00:00.000Z	ok	Y
01M2PCPHB6VESP0EBQ5S030NXF	BTC	candle_close	hyperliquid.info	candleSnapshot:BTC:1789387200000	2026-09-17T00:36:34.348256Z	2026-09-14T12:00:00.000Z	ok	Y
01M2PCPHBEQ06TEVS7155S1K5H	BTC	candle_close	hyperliquid.info	candleSnapshot:BTC:1789390800000	2026-09-17T00:36:34.348256Z	2026-09-14T13:00:00.000Z	ok	Y
01M2PCPHBQNSZQBPBVBC8YJWGR	BTC	candle_close	hyperliquid.info	candleSnapshot:BTC:1789394400000	2026-09-17T00:36:34.348256Z	2026-09-14T14:00:00.000Z	ok	Y
01M2PCPHBZP6TQ1PX4ZVGQH973	BTC	candle_close	hyperliquid.info	candleSnapshot:BTC:1789398000000	2026-09-17T00:36:34.348256Z	2026-09-14T15:00:00.000Z	ok	Y
01M2PCPHC83D4HTEJCNVM3T8TQ	BTC	candle_close	hyperliquid.info	candleSnapshot:BTC:1789401600000	2026-09-17T00:36:34.348256Z	2026-09-14T16:00:00.000Z	ok	Y
01M2PCPHCGQFN3951H5J5RTTVM	BTC	candle_close	hyperliquid.info	candleSnapshot:BTC:1789405200000	2026-09-17T00:36:34.348256Z	2026-09-14T17:00:00.000Z	ok	Y
01M2PCPHCRBWRN7F64BWKRSZXK	BTC	candle_close	hyperliquid.info	candleSnapshot:BTC:1789408800000	2026-09-17T00:36:34.348256Z	2026-09-14T18:00:00.000Z	ok	Y
01M2PCPHD00WQHBJX33765B850	BTC	candle_close	hyperliquid.info	candleSnapshot:BTC:1789412400000	2026-09-17T00:36:34.348256Z	2026-09-14T19:00:00.000Z	ok	Y
01M2PCPHD93VE4Y365TZZMRGRB	BTC	candle_close	hyperliquid.info	candleSnapshot:BTC:1789416000000	2026-09-17T00:36:34.348256Z	2026-09-14T20:00:00.000Z	ok	Y
01M2PCPHDJNQPQG311CSJDMSXK	BTC	candle_close	hyperliquid.info	candleSnapshot:BTC:1789419600000	2026-09-17T00:36:34.348256Z	2026-09-14T21:00:00.000Z	ok	Y
01M2PCPHDV80GNE1HKAR8MJV38	BTC	candle_close	hyperliquid.info	candleSnapshot:BTC:1789423200000	2026-09-17T00:36:34.348256Z	2026-09-14T22:00:00.000Z	ok	Y
01M2PCPHE47JFYS1V553NCMVC7	BTC	candle_close	hyperliquid.info	candleSnapshot:BTC:1789426800000	2026-09-17T00:36:34.348256Z	2026-09-14T23:00:00.000Z	ok	Y
01M2PCPHEEC6YSAY8D2KMWTWYQ	BTC	candle_close	hyperliquid.info	candleSnapshot:BTC:1789430400000	2026-09-17T00:36:34.348256Z	2026-09-15T00:00:00.000Z	ok	Y
01M2PCPHERKR1ZJYGSFFMGDQ1Q	BTC	candle_close	hyperliquid.info	candleSnapshot:BTC:1789434000000	2026-09-17T00:36:34.348256Z	2026-09-15T01:00:00.000Z	ok	Y
01M2PCPHF16EA4R1RVAF5XXTSX	BTC	candle_close	hyperliquid.info	candleSnapshot:BTC:1789437600000	2026-09-17T00:36:34.348256Z	2026-09-15T02:00:00.000Z	ok	Y
01M2PCPHF803B4FJA8RBQR82JQ	BTC	candle_close	hyperliquid.info	candleSnapshot:BTC:1789441200000	2026-09-17T00:36:34.348256Z	2026-09-15T03:00:00.000Z	ok	Y
01M2PCPHFJTHFEDE4H18E1WJVH	BTC	candle_close	hyperliquid.info	candleSnapshot:BTC:1789444800000	2026-09-17T00:36:34.348256Z	2026-09-15T04:00:00.000Z	ok	Y
01M2PCPHFT8TY1Q37Z162EA6RT	BTC	candle_close	hyperliquid.info	candleSnapshot:BTC:1789448400000	2026-09-17T00:36:34.348256Z	2026-09-15T05:00:00.000Z	ok	Y
01M2PCPHG25A2B2H4NAG10GBBT	BTC	candle_close	hyperliquid.info	candleSnapshot:BTC:1789452000000	2026-09-17T00:36:34.348256Z	2026-09-15T06:00:00.000Z	ok	Y
01M2PCPHGANT10T60QWFDSGFR0	BTC	candle_close	hyperliquid.info	candleSnapshot:BTC:1789455600000	2026-09-17T00:36:34.348256Z	2026-09-15T07:00:00.000Z	ok	Y
01M2PCPHGHB69SW9DFW3C26BHR	BTC	candle_close	hyperliquid.info	candleSnapshot:BTC:1789459200000	2026-09-17T00:36:34.348256Z	2026-09-15T08:00:00.000Z	ok	Y
01M2PCPHGSWYYEPV6HXV7YRZVW	BTC	candle_close	hyperliquid.info	candleSnapshot:BTC:1789462800000	2026-09-17T00:36:34.348256Z	2026-09-15T09:00:00.000Z	ok	Y
01M2PCPHH1Z7G568P1V00KK3PH	BTC	candle_close	hyperliquid.info	candleSnapshot:BTC:1789466400000	2026-09-17T00:36:34.348256Z	2026-09-15T10:00:00.000Z	ok	Y
01M2PCPHHAZAW90ZVNE9FC2VCQ	BTC	candle_close	hyperliquid.info	candleSnapshot:BTC:1789470000000	2026-09-17T00:36:34.348256Z	2026-09-15T11:00:00.000Z	ok	Y
01M2PCPHHKVTJP1J77DMGW3ZJE	BTC	candle_close	hyperliquid.info	candleSnapshot:BTC:1789473600000	2026-09-17T00:36:34.348256Z	2026-09-15T12:00:00.000Z	ok	Y
01M2PCPHHW76QABYDTQJ86Q1M3	BTC	candle_close	hyperliquid.info	candleSnapshot:BTC:1789477200000	2026-09-17T00:36:34.348256Z	2026-09-15T13:00:00.000Z	ok	Y
01M2PCPHJ6K90N047N233D5AYM	BTC	candle_close	hyperliquid.info	candleSnapshot:BTC:1789480800000	2026-09-17T00:36:34.348256Z	2026-09-15T14:00:00.000Z	ok	Y
01M2PCPHJECBM4JC9QFAXR63PS	BTC	candle_close	hyperliquid.info	candleSnapshot:BTC:1789484400000	2026-09-17T00:36:34.348256Z	2026-09-15T15:00:00.000Z	ok	Y
01M2PCPHJP4SSJ1RXGG39DX9H6	BTC	candle_close	hyperliquid.info	candleSnapshot:BTC:1789488000000	2026-09-17T00:36:34.348256Z	2026-09-15T16:00:00.000Z	ok	Y
01M2PCPHJYSGXD8ZTV15VCJ7TF	BTC	candle_close	hyperliquid.info	candleSnapshot:BTC:1789491600000	2026-09-17T00:36:34.348256Z	2026-09-15T17:00:00.000Z	ok	Y
01M2PCPHK61VAJHYJBPHQK0JMP	BTC	candle_close	hyperliquid.info	candleSnapshot:BTC:1789495200000	2026-09-17T00:36:34.348256Z	2026-09-15T18:00:00.000Z	ok	Y
01M2PCPHKFRYYE0NYT2F43SKHX	BTC	candle_close	hyperliquid.info	candleSnapshot:BTC:1789498800000	2026-09-17T00:36:34.348256Z	2026-09-15T19:00:00.000Z	ok	Y
01M2PCPHKRZEKJ0YHTABADEJ0P	BTC	candle_close	hyperliquid.info	candleSnapshot:BTC:1789502400000	2026-09-17T00:36:34.348256Z	2026-09-15T20:00:00.000Z	ok	Y
01M2PCPHM1QN1A3FK4D8N5DCPM	BTC	candle_close	hyperliquid.info	candleSnapshot:BTC:1789506000000	2026-09-17T00:36:34.348256Z	2026-09-15T21:00:00.000Z	ok	Y
01M2PCPHM86CDETBHZGDW9V79R	BTC	candle_close	hyperliquid.info	candleSnapshot:BTC:1789509600000	2026-09-17T00:36:34.348256Z	2026-09-15T22:00:00.000Z	ok	Y
01M2PCPHMGWJY8ZBRCJDW0VM20	BTC	candle_close	hyperliquid.info	candleSnapshot:BTC:1789513200000	2026-09-17T00:36:34.348256Z	2026-09-15T23:00:00.000Z	ok	Y
01M2PCPHMT84GS0WQGHMT2FKG5	BTC	candle_close	hyperliquid.info	candleSnapshot:BTC:1789516800000	2026-09-17T00:36:34.348256Z	2026-09-16T00:00:00.000Z	ok	Y
01M2PCPHN32402CWVQ2MKZ86SM	BTC	candle_close	hyperliquid.info	candleSnapshot:BTC:1789520400000	2026-09-17T00:36:34.348256Z	2026-09-16T01:00:00.000Z	ok	Y
01M2PCPHNC2RWNY5W9PRAMA97B	BTC	candle_close	hyperliquid.info	candleSnapshot:BTC:1789524000000	2026-09-17T00:36:34.348256Z	2026-09-16T02:00:00.000Z	ok	Y
01M2PCPHNM3X3AHRBTMZ4SD8R0	BTC	candle_close	hyperliquid.info	candleSnapshot:BTC:1789527600000	2026-09-17T00:36:34.348256Z	2026-09-16T03:00:00.000Z	ok	Y
01M2PCPHNXHCA212J6MCXZFEZ2	BTC	candle_close	hyperliquid.info	candleSnapshot:BTC:1789531200000	2026-09-17T00:36:34.348256Z	2026-09-16T04:00:00.000Z	ok	Y
01M2PCPHP4NWHKQWTXDJTD2BZB	BTC	candle_close	hyperliquid.info	candleSnapshot:BTC:1789534800000	2026-09-17T00:36:34.348256Z	2026-09-16T05:00:00.000Z	ok	Y
01M2PCPHPDYXV8PVNNFMWD1RJC	BTC	candle_close	hyperliquid.info	candleSnapshot:BTC:1789538400000	2026-09-17T00:36:34.348256Z	2026-09-16T06:00:00.000Z	ok	Y
01M2PCPHPPJ0AWHRPC55QFPVK9	BTC	candle_close	hyperliquid.info	candleSnapshot:BTC:1789542000000	2026-09-17T00:36:34.348256Z	2026-09-16T07:00:00.000Z	ok	Y
01M2PCPHPYNJHD2HV1A13H3X1C	BTC	candle_close	hyperliquid.info	candleSnapshot:BTC:1789545600000	2026-09-17T00:36:34.348256Z	2026-09-16T08:00:00.000Z	ok	Y
01M2PCPHQ6AH4A4RT44Q4B7FSC	BTC	candle_close	hyperliquid.info	candleSnapshot:BTC:1789549200000	2026-09-17T00:36:34.348256Z	2026-09-16T09:00:00.000Z	ok	Y
01M2PCPHQDW82P46PPYDRZ406H	BTC	candle_close	hyperliquid.info	candleSnapshot:BTC:1789552800000	2026-09-17T00:36:34.348256Z	2026-09-16T10:00:00.000Z	ok	Y
01M2PCPHQP1ANZGZJ0WM8YE0CE	BTC	candle_close	hyperliquid.info	candleSnapshot:BTC:1789556400000	2026-09-17T00:36:34.348256Z	2026-09-16T11:00:00.000Z	ok	Y
01M2PCPHQZHJH7DJK31AX6MTMW	BTC	candle_close	hyperliquid.info	candleSnapshot:BTC:1789560000000	2026-09-17T00:36:34.348256Z	2026-09-16T12:00:00.000Z	ok	Y
01M2PCPHR8JTKS3VZRZRZY68NR	BTC	candle_close	hyperliquid.info	candleSnapshot:BTC:1789563600000	2026-09-17T00:36:34.348256Z	2026-09-16T13:00:00.000Z	ok	Y
01M2PCPHRHQMWRVPFYX6X4QP8P	BTC	candle_close	hyperliquid.info	candleSnapshot:BTC:1789567200000	2026-09-17T00:36:34.348256Z	2026-09-16T14:00:00.000Z	ok	Y
01M2PCPHRSG7C06947WTGP7HSP	BTC	candle_close	hyperliquid.info	candleSnapshot:BTC:1789570800000	2026-09-17T00:36:34.348256Z	2026-09-16T15:00:00.000Z	ok	Y
01M2PCPHS2JA3C2A0M7XHSWP5E	BTC	candle_close	hyperliquid.info	candleSnapshot:BTC:1789574400000	2026-09-17T00:36:34.348256Z	2026-09-16T16:00:00.000Z	ok	Y
01M2PCPHS9FB92YQ06C1WW8C6A	BTC	candle_close	hyperliquid.info	candleSnapshot:BTC:1789578000000	2026-09-17T00:36:34.348256Z	2026-09-16T17:00:00.000Z	ok	Y
01M2PCPHSHBDH04MVQDZD0G8CX	BTC	candle_close	hyperliquid.info	candleSnapshot:BTC:1789581600000	2026-09-17T00:36:34.348256Z	2026-09-16T18:00:00.000Z	ok	Y
01M2PCPHST0NJM7A266P6E86S2	BTC	candle_close	hyperliquid.info	candleSnapshot:BTC:1789585200000	2026-09-17T00:36:34.348256Z	2026-09-16T19:00:00.000Z	ok	Y
01M2PCPHT32J7E88VYRCT6F9XG	BTC	candle_close	hyperliquid.info	candleSnapshot:BTC:1789588800000	2026-09-17T00:36:34.348256Z	2026-09-16T20:00:00.000Z	ok	Y
01M2PCPHTCKXXFN78P7KJQYF34	BTC	candle_close	hyperliquid.info	candleSnapshot:BTC:1789592400000	2026-09-17T00:36:34.348256Z	2026-09-16T21:00:00.000Z	ok	Y
01M2PCPHTNYYDSCJFHYHVYCYVZ	BTC	candle_close	hyperliquid.info	candleSnapshot:BTC:1789596000000	2026-09-17T00:36:34.348256Z	2026-09-16T22:00:00.000Z	ok	Y
01M2PCPHTY029KNTG7X0GXXJSV	BTC	candle_close	hyperliquid.info	candleSnapshot:BTC:1789599600000	2026-09-17T00:36:34.348256Z	2026-09-16T23:00:00.000Z	ok	Y
01M2PCPHV5MX4SZ7FMQ0X7QXAQ	BTC	candle_close	hyperliquid.info	candleSnapshot:BTC:1789603200000	2026-09-17T00:36:34.348256Z	2026-09-17T00:00:00.000Z	contradicted	Y
01M2PCXDQD10TBA7DZFZ1HPGFJ	BTC	candle_close	hyperliquid.info	candleSnapshot:BTC:1789603200000	2026-09-17T00:40:19.321319Z	2026-09-17T00:00:00.000Z	contradicted	Y
01M2PCPEHQMYK3DXH440Y3EB9F	BTC	funding	hyperliquid.info	metaAndAssetCtxs	2026-09-17T00:36:34.348256Z	NULL	contradicted	Y
01M2PCPESM6KRQTQZYZ0ZXS754	BTC	funding	hyperliquid.info	fundingHistory:BTC:1789002000046	2026-09-17T00:36:34.348256Z	2026-09-10T01:00:00.046Z	ok	Y
01M2PCPESYXNH17VGP88MKY6PS	BTC	funding	hyperliquid.info	fundingHistory:BTC:1789005600018	2026-09-17T00:36:34.348256Z	2026-09-10T02:00:00.018Z	ok	Y
01M2PCPET8BFDY7NFX96K8ZC7B	BTC	funding	hyperliquid.info	fundingHistory:BTC:1789009200048	2026-09-17T00:36:34.348256Z	2026-09-10T03:00:00.048Z	ok	Y
01M2PCPETHGQVRGW5K4SVR1Y7B	BTC	funding	hyperliquid.info	fundingHistory:BTC:1789012800047	2026-09-17T00:36:34.348256Z	2026-09-10T04:00:00.047Z	ok	Y
01M2PCPETVHJ9YXGP5M7M24AS9	BTC	funding	hyperliquid.info	fundingHistory:BTC:1789016400010	2026-09-17T00:36:34.348256Z	2026-09-10T05:00:00.010Z	ok	Y
01M2PCPEV5CGQQ34YNQTM2KFX3	BTC	funding	hyperliquid.info	fundingHistory:BTC:1789020000021	2026-09-17T00:36:34.348256Z	2026-09-10T06:00:00.021Z	ok	Y
01M2PCPEVE97C9JSE6RY1F1V5V	BTC	funding	hyperliquid.info	fundingHistory:BTC:1789023600026	2026-09-17T00:36:34.348256Z	2026-09-10T07:00:00.026Z	ok	Y
01M2PCPEVNFF8VGWK7ZN4RTX24	BTC	funding	hyperliquid.info	fundingHistory:BTC:1789027200027	2026-09-17T00:36:34.348256Z	2026-09-10T08:00:00.027Z	ok	Y
01M2PCPEVXASTNX4ZXD2E8GPVV	BTC	funding	hyperliquid.info	fundingHistory:BTC:1789030800040	2026-09-17T00:36:34.348256Z	2026-09-10T09:00:00.040Z	ok	Y
01M2PCPEW59DGZ8JQR3NJJ6HHR	BTC	funding	hyperliquid.info	fundingHistory:BTC:1789034400112	2026-09-17T00:36:34.348256Z	2026-09-10T10:00:00.112Z	ok	Y
01M2PCPEWE34EYZAXJBEBW4KMR	BTC	funding	hyperliquid.info	fundingHistory:BTC:1789038000012	2026-09-17T00:36:34.348256Z	2026-09-10T11:00:00.012Z	ok	Y
01M2PCPEWRZBHW18XSG9XVMJGB	BTC	funding	hyperliquid.info	fundingHistory:BTC:1789041600126	2026-09-17T00:36:34.348256Z	2026-09-10T12:00:00.126Z	ok	Y
01M2PCPEX1DBCB78P2XKZHTNPV	BTC	funding	hyperliquid.info	fundingHistory:BTC:1789045200008	2026-09-17T00:36:34.348256Z	2026-09-10T13:00:00.008Z	ok	Y
01M2PCPEX8GTH47AWBKW2TEE32	BTC	funding	hyperliquid.info	fundingHistory:BTC:1789048800007	2026-09-17T00:36:34.348256Z	2026-09-10T14:00:00.007Z	ok	Y
01M2PCPEXGJ486QSQ358KXG4VF	BTC	funding	hyperliquid.info	fundingHistory:BTC:1789052400004	2026-09-17T00:36:34.348256Z	2026-09-10T15:00:00.004Z	ok	Y
01M2PCPEXPP8XPNTH61NM6VGZV	BTC	funding	hyperliquid.info	fundingHistory:BTC:1789056000091	2026-09-17T00:36:34.348256Z	2026-09-10T16:00:00.091Z	ok	Y
01M2PCPEXXQDP3DJ5NKG30KNQW	BTC	funding	hyperliquid.info	fundingHistory:BTC:1789059600001	2026-09-17T00:36:34.348256Z	2026-09-10T17:00:00.001Z	ok	Y
01M2PCPEY6CGH1YAFT9HTHW66S	BTC	funding	hyperliquid.info	fundingHistory:BTC:1789063200063	2026-09-17T00:36:34.348256Z	2026-09-10T18:00:00.063Z	ok	Y
01M2PCPEYEH6K09H2DDCA1ESD8	BTC	funding	hyperliquid.info	fundingHistory:BTC:1789066800045	2026-09-17T00:36:34.348256Z	2026-09-10T19:00:00.045Z	ok	Y
01M2PCPEYPDZG49DRTZWVZJXG4	BTC	funding	hyperliquid.info	fundingHistory:BTC:1789070400028	2026-09-17T00:36:34.348256Z	2026-09-10T20:00:00.028Z	ok	Y
01M2PCPEYXDS3QPTYGMZRW0QE8	BTC	funding	hyperliquid.info	fundingHistory:BTC:1789074000110	2026-09-17T00:36:34.348256Z	2026-09-10T21:00:00.110Z	ok	Y
01M2PCPEZ6JHF6PC26BRV0RZV3	BTC	funding	hyperliquid.info	fundingHistory:BTC:1789077600028	2026-09-17T00:36:34.348256Z	2026-09-10T22:00:00.028Z	ok	Y
01M2PCPEZEVKTY5B0BBW4HZJAC	BTC	funding	hyperliquid.info	fundingHistory:BTC:1789081200007	2026-09-17T00:36:34.348256Z	2026-09-10T23:00:00.007Z	ok	Y
01M2PCPEZPWBQPZKSCP7DYJ3AY	BTC	funding	hyperliquid.info	fundingHistory:BTC:1789084800040	2026-09-17T00:36:34.348256Z	2026-09-11T00:00:00.040Z	ok	Y
01M2PCPEZYC35CXARZPRQJV07P	BTC	funding	hyperliquid.info	fundingHistory:BTC:1789088400030	2026-09-17T00:36:34.348256Z	2026-09-11T01:00:00.030Z	ok	Y
01M2PCPF06NZ191F335VBY3SGQ	BTC	funding	hyperliquid.info	fundingHistory:BTC:1789092000019	2026-09-17T00:36:34.348256Z	2026-09-11T02:00:00.019Z	ok	Y
01M2PCPF0E1Q2FHAPERTZRZ3TS	BTC	funding	hyperliquid.info	fundingHistory:BTC:1789095600118	2026-09-17T00:36:34.348256Z	2026-09-11T03:00:00.118Z	ok	Y
01M2PCPF0QDNKH3XSGRRC2C5M4	BTC	funding	hyperliquid.info	fundingHistory:BTC:1789099200030	2026-09-17T00:36:34.348256Z	2026-09-11T04:00:00.030Z	ok	Y
01M2PCPF0Z813SJD18Z90S0BQ6	BTC	funding	hyperliquid.info	fundingHistory:BTC:1789102800018	2026-09-17T00:36:34.348256Z	2026-09-11T05:00:00.018Z	ok	Y
01M2PCPF177M5MDK451NB4V5C7	BTC	funding	hyperliquid.info	fundingHistory:BTC:1789106400042	2026-09-17T00:36:34.348256Z	2026-09-11T06:00:00.042Z	ok	Y
01M2PCPF1FHSN2Y76MY6D0TDY5	BTC	funding	hyperliquid.info	fundingHistory:BTC:1789110000124	2026-09-17T00:36:34.348256Z	2026-09-11T07:00:00.124Z	ok	Y
01M2PCPF1Q5EGRBEJTD8C5YKE2	BTC	funding	hyperliquid.info	fundingHistory:BTC:1789113600085	2026-09-17T00:36:34.348256Z	2026-09-11T08:00:00.085Z	ok	Y
01M2PCPF20CSHHX1ABGZV2G96G	BTC	funding	hyperliquid.info	fundingHistory:BTC:1789117200037	2026-09-17T00:36:34.348256Z	2026-09-11T09:00:00.037Z	ok	Y
01M2PCPF28A4K80VQG52JEKJ3P	BTC	funding	hyperliquid.info	fundingHistory:BTC:1789120800021	2026-09-17T00:36:34.348256Z	2026-09-11T10:00:00.021Z	ok	Y
01M2PCPF2HPTBYMFSC10E6WZK2	BTC	funding	hyperliquid.info	fundingHistory:BTC:1789124400046	2026-09-17T00:36:34.348256Z	2026-09-11T11:00:00.046Z	ok	Y
01M2PCPF2TGXN355QD8XXF4EAM	BTC	funding	hyperliquid.info	fundingHistory:BTC:1789128000006	2026-09-17T00:36:34.348256Z	2026-09-11T12:00:00.006Z	ok	Y
01M2PCPF31N0PD6STG2SDWBGJZ	BTC	funding	hyperliquid.info	fundingHistory:BTC:1789131600057	2026-09-17T00:36:34.348256Z	2026-09-11T13:00:00.057Z	ok	Y
01M2PCPF37HETGZNDCVE4Z2AEZ	BTC	funding	hyperliquid.info	fundingHistory:BTC:1789135200020	2026-09-17T00:36:34.348256Z	2026-09-11T14:00:00.020Z	ok	Y
01M2PCPF3FDK9C18C0SWYHJQ4N	BTC	funding	hyperliquid.info	fundingHistory:BTC:1789138800047	2026-09-17T00:36:34.348256Z	2026-09-11T15:00:00.047Z	ok	Y
01M2PCPF3QQ3JGSN8AZQT5EATQ	BTC	funding	hyperliquid.info	fundingHistory:BTC:1789142400047	2026-09-17T00:36:34.348256Z	2026-09-11T16:00:00.047Z	ok	Y
01M2PCPF3YTWTWHKETPK682817	BTC	funding	hyperliquid.info	fundingHistory:BTC:1789146000028	2026-09-17T00:36:34.348256Z	2026-09-11T17:00:00.028Z	ok	Y
01M2PCPF484Z9ZK1VSCSGHXNSE	BTC	funding	hyperliquid.info	fundingHistory:BTC:1789149600021	2026-09-17T00:36:34.348256Z	2026-09-11T18:00:00.021Z	ok	Y
01M2PCPF4G4KB6V2QC18VGTM15	BTC	funding	hyperliquid.info	fundingHistory:BTC:1789153200011	2026-09-17T00:36:34.348256Z	2026-09-11T19:00:00.011Z	ok	Y
01M2PCPF4S3B5QPGCTCHW2B5G3	BTC	funding	hyperliquid.info	fundingHistory:BTC:1789156800017	2026-09-17T00:36:34.348256Z	2026-09-11T20:00:00.017Z	ok	Y
01M2PCPF522MEH1KQ5ZD288T8P	BTC	funding	hyperliquid.info	fundingHistory:BTC:1789160400000	2026-09-17T00:36:34.348256Z	2026-09-11T21:00:00.000Z	ok	Y
01M2PCPF5A1GATQX8F70F1MD69	BTC	funding	hyperliquid.info	fundingHistory:BTC:1789164000041	2026-09-17T00:36:34.348256Z	2026-09-11T22:00:00.041Z	ok	Y
01M2PCPF5JT3EDX347YD4RT1Q4	BTC	funding	hyperliquid.info	fundingHistory:BTC:1789167600007	2026-09-17T00:36:34.348256Z	2026-09-11T23:00:00.007Z	ok	Y
01M2PCPF5T8DFEBR4CCBPXVR2F	BTC	funding	hyperliquid.info	fundingHistory:BTC:1789171200064	2026-09-17T00:36:34.348256Z	2026-09-12T00:00:00.064Z	ok	Y
01M2PCPF6302NR9DN65KM9MD2G	BTC	funding	hyperliquid.info	fundingHistory:BTC:1789174800041	2026-09-17T00:36:34.348256Z	2026-09-12T01:00:00.041Z	ok	Y
01M2PCPF6BNRD4SGW00KFF96VQ	BTC	funding	hyperliquid.info	fundingHistory:BTC:1789178400023	2026-09-17T00:36:34.348256Z	2026-09-12T02:00:00.023Z	ok	Y
01M2PCPF6MPQS7657KJS3XBZ8Z	BTC	funding	hyperliquid.info	fundingHistory:BTC:1789182000036	2026-09-17T00:36:34.348256Z	2026-09-12T03:00:00.036Z	ok	Y
01M2PCPF6XHWH3DMFRF4VNBF0B	BTC	funding	hyperliquid.info	fundingHistory:BTC:1789185600037	2026-09-17T00:36:34.348256Z	2026-09-12T04:00:00.037Z	ok	Y
01M2PCPF77NCWGJDTCQ6BRQA6A	BTC	funding	hyperliquid.info	fundingHistory:BTC:1789189200028	2026-09-17T00:36:34.348256Z	2026-09-12T05:00:00.028Z	ok	Y
01M2PCPF7G7J275NHZ310C43RS	BTC	funding	hyperliquid.info	fundingHistory:BTC:1789192800003	2026-09-17T00:36:34.348256Z	2026-09-12T06:00:00.003Z	ok	Y
01M2PCPF7V9SMT876X6J099GA8	BTC	funding	hyperliquid.info	fundingHistory:BTC:1789196400009	2026-09-17T00:36:34.348256Z	2026-09-12T07:00:00.009Z	ok	Y
01M2PCPF84FBR1TZPVA0KHZKAT	BTC	funding	hyperliquid.info	fundingHistory:BTC:1789200000039	2026-09-17T00:36:34.348256Z	2026-09-12T08:00:00.039Z	ok	Y
01M2PCPF8D96T9376C6NFX1DF7	BTC	funding	hyperliquid.info	fundingHistory:BTC:1789203600059	2026-09-17T00:36:34.348256Z	2026-09-12T09:00:00.059Z	ok	Y
01M2PCPF8MGM4RS116YC43AB99	BTC	funding	hyperliquid.info	fundingHistory:BTC:1789207200014	2026-09-17T00:36:34.348256Z	2026-09-12T10:00:00.014Z	ok	Y
01M2PCPF8WARNDSZFPWPRMPSGY	BTC	funding	hyperliquid.info	fundingHistory:BTC:1789210800059	2026-09-17T00:36:34.348256Z	2026-09-12T11:00:00.059Z	ok	Y
01M2PCPF94474EJD0KMEB81E59	BTC	funding	hyperliquid.info	fundingHistory:BTC:1789214400037	2026-09-17T00:36:34.348256Z	2026-09-12T12:00:00.037Z	ok	Y
01M2PCPF9D22C4KGWX2TTEDXRD	BTC	funding	hyperliquid.info	fundingHistory:BTC:1789218000041	2026-09-17T00:36:34.348256Z	2026-09-12T13:00:00.041Z	ok	Y
01M2PCPF9PTDBY1CDKEYWX3TKS	BTC	funding	hyperliquid.info	fundingHistory:BTC:1789221600000	2026-09-17T00:36:34.348256Z	2026-09-12T14:00:00.000Z	ok	Y
01M2PCPF9W3NH5TVK76QXAR9D6	BTC	funding	hyperliquid.info	fundingHistory:BTC:1789225200104	2026-09-17T00:36:34.348256Z	2026-09-12T15:00:00.104Z	ok	Y
01M2PCPFA5DY460GKQ3CCFPM0A	BTC	funding	hyperliquid.info	fundingHistory:BTC:1789228800001	2026-09-17T00:36:34.348256Z	2026-09-12T16:00:00.001Z	ok	Y
01M2PCPFAENPK2D625GQS2KN9K	BTC	funding	hyperliquid.info	fundingHistory:BTC:1789232400043	2026-09-17T00:36:34.348256Z	2026-09-12T17:00:00.043Z	ok	Y
01M2PCPFAPGP3YVK3TWF6YCE9M	BTC	funding	hyperliquid.info	fundingHistory:BTC:1789236000008	2026-09-17T00:36:34.348256Z	2026-09-12T18:00:00.008Z	ok	Y
01M2PCPFAZ6PVJJ6KHHH3ZZ6R2	BTC	funding	hyperliquid.info	fundingHistory:BTC:1789239600008	2026-09-17T00:36:34.348256Z	2026-09-12T19:00:00.008Z	ok	Y
01M2PCPFB795KQGQYSW6PV6WWM	BTC	funding	hyperliquid.info	fundingHistory:BTC:1789243200022	2026-09-17T00:36:34.348256Z	2026-09-12T20:00:00.022Z	ok	Y
01M2PCPFBGCNQ4DFME7SZGKT2S	BTC	funding	hyperliquid.info	fundingHistory:BTC:1789246800010	2026-09-17T00:36:34.348256Z	2026-09-12T21:00:00.010Z	ok	Y
01M2PCPFBRMK05R2ATP5KP270K	BTC	funding	hyperliquid.info	fundingHistory:BTC:1789250400013	2026-09-17T00:36:34.348256Z	2026-09-12T22:00:00.013Z	ok	Y
01M2PCPFC103KQENM313E17V6K	BTC	funding	hyperliquid.info	fundingHistory:BTC:1789254000043	2026-09-17T00:36:34.348256Z	2026-09-12T23:00:00.043Z	ok	Y
01M2PCPFCA3B9FVXAYT3REW1NX	BTC	funding	hyperliquid.info	fundingHistory:BTC:1789257600049	2026-09-17T00:36:34.348256Z	2026-09-13T00:00:00.049Z	ok	Y
01M2PCPFCKAS694898WP96FVAS	BTC	funding	hyperliquid.info	fundingHistory:BTC:1789261200026	2026-09-17T00:36:34.348256Z	2026-09-13T01:00:00.026Z	ok	Y
01M2PCPFCVF8HMBNQ4GTZ8RP1F	BTC	funding	hyperliquid.info	fundingHistory:BTC:1789264800029	2026-09-17T00:36:34.348256Z	2026-09-13T02:00:00.029Z	ok	Y
01M2PCPFD5FMBY3TE59DAJ5CRE	BTC	funding	hyperliquid.info	fundingHistory:BTC:1789268400061	2026-09-17T00:36:34.348256Z	2026-09-13T03:00:00.061Z	ok	Y
01M2PCPFDE189RP7NV6P95ZYT1	BTC	funding	hyperliquid.info	fundingHistory:BTC:1789272000042	2026-09-17T00:36:34.348256Z	2026-09-13T04:00:00.042Z	ok	Y
01M2PCPFDPJ9M4E5Z5GZS9M1HB	BTC	funding	hyperliquid.info	fundingHistory:BTC:1789275600117	2026-09-17T00:36:34.348256Z	2026-09-13T05:00:00.117Z	ok	Y
01M2PCPFDYYVSN9C4PSY45HCBM	BTC	funding	hyperliquid.info	fundingHistory:BTC:1789279200007	2026-09-17T00:36:34.348256Z	2026-09-13T06:00:00.007Z	ok	Y
01M2PCPFE7BS4QQ687JF9KX9M4	BTC	funding	hyperliquid.info	fundingHistory:BTC:1789282800041	2026-09-17T00:36:34.348256Z	2026-09-13T07:00:00.041Z	ok	Y
01M2PCPFEG137BK9E54E0N6GS0	BTC	funding	hyperliquid.info	fundingHistory:BTC:1789286400020	2026-09-17T00:36:34.348256Z	2026-09-13T08:00:00.020Z	ok	Y
01M2PCPFERJG0S1KGRTEBJHFK9	BTC	funding	hyperliquid.info	fundingHistory:BTC:1789290000029	2026-09-17T00:36:34.348256Z	2026-09-13T09:00:00.029Z	ok	Y
01M2PCPFF1JQRJA1Q1FQFZ8EZK	BTC	funding	hyperliquid.info	fundingHistory:BTC:1789293600008	2026-09-17T00:36:34.348256Z	2026-09-13T10:00:00.008Z	ok	Y
01M2PCPFFBK7QRBX1K82G0FT6V	BTC	funding	hyperliquid.info	fundingHistory:BTC:1789297200026	2026-09-17T00:36:34.348256Z	2026-09-13T11:00:00.026Z	ok	Y
01M2PCPFFNR9924Z9G6H3Y8NKN	BTC	funding	hyperliquid.info	fundingHistory:BTC:1789300800053	2026-09-17T00:36:34.348256Z	2026-09-13T12:00:00.053Z	ok	Y
01M2PCPFFY3KNZJY3KV30AHH2M	BTC	funding	hyperliquid.info	fundingHistory:BTC:1789304400019	2026-09-17T00:36:34.348256Z	2026-09-13T13:00:00.019Z	ok	Y
01M2PCPFG6FNQ556934Y5AFEKA	BTC	funding	hyperliquid.info	fundingHistory:BTC:1789308000107	2026-09-17T00:36:34.348256Z	2026-09-13T14:00:00.107Z	ok	Y
01M2PCPFGD7Z64CFD0T602K4XD	BTC	funding	hyperliquid.info	fundingHistory:BTC:1789311600038	2026-09-17T00:36:34.348256Z	2026-09-13T15:00:00.038Z	ok	Y
01M2PCPFGP3BREEED43NXJB5G5	BTC	funding	hyperliquid.info	fundingHistory:BTC:1789315200070	2026-09-17T00:36:34.348256Z	2026-09-13T16:00:00.070Z	ok	Y
01M2PCPFGZT6BZFS2RPAA5S5QK	BTC	funding	hyperliquid.info	fundingHistory:BTC:1789318800040	2026-09-17T00:36:34.348256Z	2026-09-13T17:00:00.040Z	ok	Y
01M2PCPFH8XERMACWA1QW5S6E8	BTC	funding	hyperliquid.info	fundingHistory:BTC:1789322400042	2026-09-17T00:36:34.348256Z	2026-09-13T18:00:00.042Z	ok	Y
01M2PCPFHHJPG1E4S9D07XMKDQ	BTC	funding	hyperliquid.info	fundingHistory:BTC:1789326000020	2026-09-17T00:36:34.348256Z	2026-09-13T19:00:00.020Z	ok	Y
01M2PCPFHVN21Y7B097N915ZSW	BTC	funding	hyperliquid.info	fundingHistory:BTC:1789329600000	2026-09-17T00:36:34.348256Z	2026-09-13T20:00:00.000Z	ok	Y
01M2PCPFJ4AV9QPWRTE1KFBQ12	BTC	funding	hyperliquid.info	fundingHistory:BTC:1789333200020	2026-09-17T00:36:34.348256Z	2026-09-13T21:00:00.020Z	ok	Y
01M2PCPFJDNAE1EJ1TW2EBD4WV	BTC	funding	hyperliquid.info	fundingHistory:BTC:1789336800010	2026-09-17T00:36:34.348256Z	2026-09-13T22:00:00.010Z	ok	Y
01M2PCPFJMZJ33F7MSXSHTC3KA	BTC	funding	hyperliquid.info	fundingHistory:BTC:1789340400023	2026-09-17T00:36:34.348256Z	2026-09-13T23:00:00.023Z	ok	Y
01M2PCPFJXQ8434BNY27GBK1Y0	BTC	funding	hyperliquid.info	fundingHistory:BTC:1789344000068	2026-09-17T00:36:34.348256Z	2026-09-14T00:00:00.068Z	ok	Y
01M2PCPFK68DRH8KN0VXVHCT40	BTC	funding	hyperliquid.info	fundingHistory:BTC:1789347600018	2026-09-17T00:36:34.348256Z	2026-09-14T01:00:00.018Z	ok	Y
01M2PCPFKFRZ3CCR0HMPNTWDC4	BTC	funding	hyperliquid.info	fundingHistory:BTC:1789351200022	2026-09-17T00:36:34.348256Z	2026-09-14T02:00:00.022Z	ok	Y
01M2PCPFKR5GWKB3J4QJCAMHQK	BTC	funding	hyperliquid.info	fundingHistory:BTC:1789354800024	2026-09-17T00:36:34.348256Z	2026-09-14T03:00:00.024Z	ok	Y
01M2PCPFM2RF20YAGVBJDR6M19	BTC	funding	hyperliquid.info	fundingHistory:BTC:1789358400022	2026-09-17T00:36:34.348256Z	2026-09-14T04:00:00.022Z	ok	Y
01M2PCPFMBYDV4ECZDFDYQ4PZM	BTC	funding	hyperliquid.info	fundingHistory:BTC:1789362000040	2026-09-17T00:36:34.348256Z	2026-09-14T05:00:00.040Z	ok	Y
01M2PCPFMMQ303YD0VNJCTKEWX	BTC	funding	hyperliquid.info	fundingHistory:BTC:1789365600057	2026-09-17T00:36:34.348256Z	2026-09-14T06:00:00.057Z	ok	Y
01M2PCPFMWC7RJ4R69ZZVK5R5N	BTC	funding	hyperliquid.info	fundingHistory:BTC:1789369200040	2026-09-17T00:36:34.348256Z	2026-09-14T07:00:00.040Z	ok	Y
01M2PCPFN4FGYS1JRDZC97WC5T	BTC	funding	hyperliquid.info	fundingHistory:BTC:1789372800034	2026-09-17T00:36:34.348256Z	2026-09-14T08:00:00.034Z	ok	Y
01M2PCPFNC48ZS0EJ23V2BM5XM	BTC	funding	hyperliquid.info	fundingHistory:BTC:1789376400007	2026-09-17T00:36:34.348256Z	2026-09-14T09:00:00.007Z	ok	Y
01M2PCPFNM3VVWWS3Q3VT9D1D3	BTC	funding	hyperliquid.info	fundingHistory:BTC:1789380000021	2026-09-17T00:36:34.348256Z	2026-09-14T10:00:00.021Z	ok	Y
01M2PCPFNWS9HF4YP3YZV57PS3	BTC	funding	hyperliquid.info	fundingHistory:BTC:1789383600121	2026-09-17T00:36:34.348256Z	2026-09-14T11:00:00.121Z	ok	Y
01M2PCPFP56MV5F2B4HE2QFKBE	BTC	funding	hyperliquid.info	fundingHistory:BTC:1789387200046	2026-09-17T00:36:34.348256Z	2026-09-14T12:00:00.046Z	ok	Y
01M2PCPFPDZS5WCC6R52DYP0WV	BTC	funding	hyperliquid.info	fundingHistory:BTC:1789390800014	2026-09-17T00:36:34.348256Z	2026-09-14T13:00:00.014Z	ok	Y
01M2PCPFPNAJN09P4NEQ3XQKQM	BTC	funding	hyperliquid.info	fundingHistory:BTC:1789394400028	2026-09-17T00:36:34.348256Z	2026-09-14T14:00:00.028Z	ok	Y
01M2PCPFPXSSFCV90GCRM26F3G	BTC	funding	hyperliquid.info	fundingHistory:BTC:1789398000030	2026-09-17T00:36:34.348256Z	2026-09-14T15:00:00.030Z	ok	Y
01M2PCPFQ7G5A8CZ78R81DVHGW	BTC	funding	hyperliquid.info	fundingHistory:BTC:1789401600030	2026-09-17T00:36:34.348256Z	2026-09-14T16:00:00.030Z	ok	Y
01M2PCPFQGHP7XBCC3SSXYHYTS	BTC	funding	hyperliquid.info	fundingHistory:BTC:1789405200041	2026-09-17T00:36:34.348256Z	2026-09-14T17:00:00.041Z	ok	Y
01M2PCPFQS0XTK48AG1ZMST33S	BTC	funding	hyperliquid.info	fundingHistory:BTC:1789408800060	2026-09-17T00:36:34.348256Z	2026-09-14T18:00:00.060Z	ok	Y
01M2PCPFR2NSB9B82M06CJW9RQ	BTC	funding	hyperliquid.info	fundingHistory:BTC:1789412400016	2026-09-17T00:36:34.348256Z	2026-09-14T19:00:00.016Z	ok	Y
01M2PCPFRBNQ5Z8KC8ACC8C7X8	BTC	funding	hyperliquid.info	fundingHistory:BTC:1789416000079	2026-09-17T00:36:34.348256Z	2026-09-14T20:00:00.079Z	ok	Y
01M2PCPFRJ1TM1PZD4G4AXCJ4X	BTC	funding	hyperliquid.info	fundingHistory:BTC:1789419600027	2026-09-17T00:36:34.348256Z	2026-09-14T21:00:00.027Z	ok	Y
01M2PCPFRVKA7ES23MDJTCHD5N	BTC	funding	hyperliquid.info	fundingHistory:BTC:1789423200047	2026-09-17T00:36:34.348256Z	2026-09-14T22:00:00.047Z	ok	Y
01M2PCPFS386R79XK2C753G85V	BTC	funding	hyperliquid.info	fundingHistory:BTC:1789426800132	2026-09-17T00:36:34.348256Z	2026-09-14T23:00:00.132Z	ok	Y
01M2PCPFSCA3ANWKG32Z8WK1BJ	BTC	funding	hyperliquid.info	fundingHistory:BTC:1789430400024	2026-09-17T00:36:34.348256Z	2026-09-15T00:00:00.024Z	ok	Y
01M2PCPFSM0X6JFBVW2ANA416X	BTC	funding	hyperliquid.info	fundingHistory:BTC:1789434000042	2026-09-17T00:36:34.348256Z	2026-09-15T01:00:00.042Z	ok	Y
01M2PCPFSYE7R3Z4D116R47DFH	BTC	funding	hyperliquid.info	fundingHistory:BTC:1789437600052	2026-09-17T00:36:34.348256Z	2026-09-15T02:00:00.052Z	ok	Y
01M2PCPFT54G8XM82XD7Z6DYTT	BTC	funding	hyperliquid.info	fundingHistory:BTC:1789441200097	2026-09-17T00:36:34.348256Z	2026-09-15T03:00:00.097Z	ok	Y
01M2PCPFTDGPQDG6PPV72Q28MH	BTC	funding	hyperliquid.info	fundingHistory:BTC:1789444800037	2026-09-17T00:36:34.348256Z	2026-09-15T04:00:00.037Z	ok	Y
01M2PCPFTPBFBW1P9WNP38X0EW	BTC	funding	hyperliquid.info	fundingHistory:BTC:1789448400016	2026-09-17T00:36:34.348256Z	2026-09-15T05:00:00.016Z	ok	Y
01M2PCPFTYS0YVFDNCHDPE79TN	BTC	funding	hyperliquid.info	fundingHistory:BTC:1789452000003	2026-09-17T00:36:34.348256Z	2026-09-15T06:00:00.003Z	ok	Y
01M2PCPFV7Z7EMXME3NYEC3ZCD	BTC	funding	hyperliquid.info	fundingHistory:BTC:1789455600083	2026-09-17T00:36:34.348256Z	2026-09-15T07:00:00.083Z	ok	Y
01M2PCPFVGY2WTK35M5RPKH6ZB	BTC	funding	hyperliquid.info	fundingHistory:BTC:1789459200008	2026-09-17T00:36:34.348256Z	2026-09-15T08:00:00.008Z	ok	Y
01M2PCPFVSZHJRKQP0MZ5CZCRD	BTC	funding	hyperliquid.info	fundingHistory:BTC:1789462800049	2026-09-17T00:36:34.348256Z	2026-09-15T09:00:00.049Z	ok	Y
01M2PCPFW02RFJX1D7P40Q2NYW	BTC	funding	hyperliquid.info	fundingHistory:BTC:1789466400030	2026-09-17T00:36:34.348256Z	2026-09-15T10:00:00.030Z	ok	Y
01M2PCPFW997E4P5AGTC91R09Q	BTC	funding	hyperliquid.info	fundingHistory:BTC:1789470000036	2026-09-17T00:36:34.348256Z	2026-09-15T11:00:00.036Z	ok	Y
01M2PCPFWJNJ9TC7JX74V3KV1J	BTC	funding	hyperliquid.info	fundingHistory:BTC:1789473600039	2026-09-17T00:36:34.348256Z	2026-09-15T12:00:00.039Z	ok	Y
01M2PCPFWVNT4MFN4YW6QX640S	BTC	funding	hyperliquid.info	fundingHistory:BTC:1789477200117	2026-09-17T00:36:34.348256Z	2026-09-15T13:00:00.117Z	ok	Y
01M2PCPFX4Z6T7E7P485CJ0KXD	BTC	funding	hyperliquid.info	fundingHistory:BTC:1789480800005	2026-09-17T00:36:34.348256Z	2026-09-15T14:00:00.005Z	ok	Y
01M2PCPFXDP648A4V5R3J9EXKR	BTC	funding	hyperliquid.info	fundingHistory:BTC:1789484400050	2026-09-17T00:36:34.348256Z	2026-09-15T15:00:00.050Z	ok	Y
01M2PCPFXP9V1CECCJ2MQDJNAD	BTC	funding	hyperliquid.info	fundingHistory:BTC:1789488000014	2026-09-17T00:36:34.348256Z	2026-09-15T16:00:00.014Z	ok	Y
01M2PCPFXZTBXV72V2YE8T0W0Q	BTC	funding	hyperliquid.info	fundingHistory:BTC:1789491600014	2026-09-17T00:36:34.348256Z	2026-09-15T17:00:00.014Z	ok	Y
01M2PCPFY6TW5WCAF8894GA13N	BTC	funding	hyperliquid.info	fundingHistory:BTC:1789495200017	2026-09-17T00:36:34.348256Z	2026-09-15T18:00:00.017Z	ok	Y
01M2PCPFYFJDEE692WGP90X7ZC	BTC	funding	hyperliquid.info	fundingHistory:BTC:1789498800047	2026-09-17T00:36:34.348256Z	2026-09-15T19:00:00.047Z	ok	Y
01M2PCPFYRXCEV7E9KN5P1Q3CV	BTC	funding	hyperliquid.info	fundingHistory:BTC:1789502400033	2026-09-17T00:36:34.348256Z	2026-09-15T20:00:00.033Z	ok	Y
01M2PCPFZ15DTQ3BR9MMV5SMYF	BTC	funding	hyperliquid.info	fundingHistory:BTC:1789506000077	2026-09-17T00:36:34.348256Z	2026-09-15T21:00:00.077Z	ok	Y
01M2PCPFZAD78XA2AEJXFDW9YV	BTC	funding	hyperliquid.info	fundingHistory:BTC:1789509600043	2026-09-17T00:36:34.348256Z	2026-09-15T22:00:00.043Z	ok	Y
01M2PCPFZK3F75V1CZ379NVCFV	BTC	funding	hyperliquid.info	fundingHistory:BTC:1789513200062	2026-09-17T00:36:34.348256Z	2026-09-15T23:00:00.062Z	ok	Y
01M2PCPFZV1AX373KX0ANWHKY5	BTC	funding	hyperliquid.info	fundingHistory:BTC:1789516800021	2026-09-17T00:36:34.348256Z	2026-09-16T00:00:00.021Z	ok	Y
01M2PCPG02E7DRNFKMKKWYV4EY	BTC	funding	hyperliquid.info	fundingHistory:BTC:1789520400024	2026-09-17T00:36:34.348256Z	2026-09-16T01:00:00.024Z	ok	Y
01M2PCPG0B22WW4QV1QDYMA1HV	BTC	funding	hyperliquid.info	fundingHistory:BTC:1789524000058	2026-09-17T00:36:34.348256Z	2026-09-16T02:00:00.058Z	ok	Y
01M2PCPG0MZ223K6JM4VJ7RY83	BTC	funding	hyperliquid.info	fundingHistory:BTC:1789527600035	2026-09-17T00:36:34.348256Z	2026-09-16T03:00:00.035Z	ok	Y
01M2PCPG0WB6EJN2J1EASS0V53	BTC	funding	hyperliquid.info	fundingHistory:BTC:1789531200018	2026-09-17T00:36:34.348256Z	2026-09-16T04:00:00.018Z	ok	Y
01M2PCPG15J5YHGXK31PENAFW1	BTC	funding	hyperliquid.info	fundingHistory:BTC:1789534800004	2026-09-17T00:36:34.348256Z	2026-09-16T05:00:00.004Z	ok	Y
01M2PCPG1E3DP3KZJQQFC0MZW3	BTC	funding	hyperliquid.info	fundingHistory:BTC:1789538400081	2026-09-17T00:36:34.348256Z	2026-09-16T06:00:00.081Z	ok	Y
01M2PCPG1PBPZGS51NFQ30R4N4	BTC	funding	hyperliquid.info	fundingHistory:BTC:1789542000026	2026-09-17T00:36:34.348256Z	2026-09-16T07:00:00.026Z	ok	Y
01M2PCPG1YPGJZN6NCGC2X67XT	BTC	funding	hyperliquid.info	fundingHistory:BTC:1789545600035	2026-09-17T00:36:34.348256Z	2026-09-16T08:00:00.035Z	ok	Y
01M2PCPG27DSTQ50E75BC575XE	BTC	funding	hyperliquid.info	fundingHistory:BTC:1789549200091	2026-09-17T00:36:34.348256Z	2026-09-16T09:00:00.091Z	ok	Y
01M2PCPG2GDDV4X93QYBCT402P	BTC	funding	hyperliquid.info	fundingHistory:BTC:1789552800004	2026-09-17T00:36:34.348256Z	2026-09-16T10:00:00.004Z	ok	Y
01M2PCPG2SM05JX90S55BKRBW1	BTC	funding	hyperliquid.info	fundingHistory:BTC:1789556400029	2026-09-17T00:36:34.348256Z	2026-09-16T11:00:00.029Z	ok	Y
01M2PCPG32FJC7YRB3NF5KQQA7	BTC	funding	hyperliquid.info	fundingHistory:BTC:1789560000079	2026-09-17T00:36:34.348256Z	2026-09-16T12:00:00.079Z	ok	Y
01M2PCPG3BVCTSFBTG2XNAXT5D	BTC	funding	hyperliquid.info	fundingHistory:BTC:1789563600018	2026-09-17T00:36:34.348256Z	2026-09-16T13:00:00.018Z	ok	Y
01M2PCPG3M30KBYX5P9RMT2RKQ	BTC	funding	hyperliquid.info	fundingHistory:BTC:1789567200013	2026-09-17T00:36:34.348256Z	2026-09-16T14:00:00.013Z	ok	Y
01M2PCPG3W7J0HHZSP2FF39WJP	BTC	funding	hyperliquid.info	fundingHistory:BTC:1789570800012	2026-09-17T00:36:34.348256Z	2026-09-16T15:00:00.012Z	ok	Y
01M2PCPG44KGWTSVYZX1QYM7WN	BTC	funding	hyperliquid.info	fundingHistory:BTC:1789574400037	2026-09-17T00:36:34.348256Z	2026-09-16T16:00:00.037Z	ok	Y
01M2PCPG4D8N6DAFY7MSBW9NCW	BTC	funding	hyperliquid.info	fundingHistory:BTC:1789578000112	2026-09-17T00:36:34.348256Z	2026-09-16T17:00:00.112Z	ok	Y
01M2PCPG4PVXCTKJ7DV01NNQ54	BTC	funding	hyperliquid.info	fundingHistory:BTC:1789581600011	2026-09-17T00:36:34.348256Z	2026-09-16T18:00:00.011Z	ok	Y
01M2PCPG4Y6NZWKM2WWH2V04BD	BTC	funding	hyperliquid.info	fundingHistory:BTC:1789585200054	2026-09-17T00:36:34.348256Z	2026-09-16T19:00:00.054Z	ok	Y
01M2PCPG57CDAB8D1YV87SAE15	BTC	funding	hyperliquid.info	fundingHistory:BTC:1789588800091	2026-09-17T00:36:34.348256Z	2026-09-16T20:00:00.091Z	ok	Y
01M2PCPG5GD5FHC5F0S17S7G22	BTC	funding	hyperliquid.info	fundingHistory:BTC:1789592400031	2026-09-17T00:36:34.348256Z	2026-09-16T21:00:00.031Z	ok	Y
01M2PCPG5RMJZ9311V2F2B05S7	BTC	funding	hyperliquid.info	fundingHistory:BTC:1789596000002	2026-09-17T00:36:34.348256Z	2026-09-16T22:00:00.002Z	ok	Y
01M2PCPG60TZS0ZMK1FVJT63JF	BTC	funding	hyperliquid.info	fundingHistory:BTC:1789599600022	2026-09-17T00:36:34.348256Z	2026-09-16T23:00:00.022Z	ok	Y
01M2PCPG68QRWG6TQJHZXFN9RV	BTC	funding	hyperliquid.info	fundingHistory:BTC:1789603200048	2026-09-17T00:36:34.348256Z	2026-09-17T00:00:00.048Z	ok	Y
01M2PCXAFASC2V0WCGWR0E8MZT	BTC	funding	hyperliquid.info	metaAndAssetCtxs	2026-09-17T00:40:19.321319Z	NULL	contradicted	Y
01M2PCPEH4JWB92GVDA8KM1M4R	BTC	mark_px	hyperliquid.info	metaAndAssetCtxs	2026-09-17T00:36:34.348256Z	NULL	contradicted	Y
01M2PCXAEE4BRXTPMV56SYN56V	BTC	mark_px	hyperliquid.info	metaAndAssetCtxs	2026-09-17T00:40:19.321319Z	NULL	contradicted	Y
01M2PCPEG32A3XBJVTN4HYHNK7	BTC	mid_px	hyperliquid.info	allMids	2026-09-17T00:36:34.348256Z	NULL	contradicted	Y
01M2PCXACWWCDJRR2GJ20RV7D4	BTC	mid_px	hyperliquid.info	allMids	2026-09-17T00:40:19.321319Z	NULL	contradicted	Y
01M2PCPEJ0E735F0KXKZ385CVT	BTC	open_interest	hyperliquid.info	metaAndAssetCtxs	2026-09-17T00:36:34.348256Z	NULL	contradicted	Y
01M2PCXAFMC3792Y1PQ3H2ACVQ	BTC	open_interest	hyperliquid.info	metaAndAssetCtxs	2026-09-17T00:40:19.321319Z	NULL	contradicted	Y
01M2PCPEHE07ZRBX0CG6NTKNWZ	BTC	oracle_px	hyperliquid.info	metaAndAssetCtxs	2026-09-17T00:36:34.348256Z	NULL	contradicted	Y
01M2PCXAEY18W6290P82NECSM7	BTC	oracle_px	hyperliquid.info	metaAndAssetCtxs	2026-09-17T00:40:19.321319Z	NULL	contradicted	Y
01M2PCPKMDR0SPKWQ526KDE1TS	ETH	candle_close	hyperliquid.info	candleSnapshot:ETH:1788998400000	2026-09-17T00:36:34.348256Z	2026-09-10T00:00:00.000Z	ok	Y
01M2PCPKMSPT3VVSEBTN7677F8	ETH	candle_close	hyperliquid.info	candleSnapshot:ETH:1789002000000	2026-09-17T00:36:34.348256Z	2026-09-10T01:00:00.000Z	ok	Y
01M2PCPKN27PAP0PHPW6X4Z3BR	ETH	candle_close	hyperliquid.info	candleSnapshot:ETH:1789005600000	2026-09-17T00:36:34.348256Z	2026-09-10T02:00:00.000Z	ok	Y
01M2PCPKNC9E5GNRE37MC4M2N4	ETH	candle_close	hyperliquid.info	candleSnapshot:ETH:1789009200000	2026-09-17T00:36:34.348256Z	2026-09-10T03:00:00.000Z	ok	Y
01M2PCPKNMFRB5ARCQY7KY0DV3	ETH	candle_close	hyperliquid.info	candleSnapshot:ETH:1789012800000	2026-09-17T00:36:34.348256Z	2026-09-10T04:00:00.000Z	ok	Y
01M2PCPKNW7B6XNZAKKH3473EE	ETH	candle_close	hyperliquid.info	candleSnapshot:ETH:1789016400000	2026-09-17T00:36:34.348256Z	2026-09-10T05:00:00.000Z	ok	Y
01M2PCPKP53J9HR2VJFDJHEVYX	ETH	candle_close	hyperliquid.info	candleSnapshot:ETH:1789020000000	2026-09-17T00:36:34.348256Z	2026-09-10T06:00:00.000Z	ok	Y
01M2PCPKPEWBHHP62VAADS423Q	ETH	candle_close	hyperliquid.info	candleSnapshot:ETH:1789023600000	2026-09-17T00:36:34.348256Z	2026-09-10T07:00:00.000Z	ok	Y
01M2PCPKPQG4KE5YHNNDT089RA	ETH	candle_close	hyperliquid.info	candleSnapshot:ETH:1789027200000	2026-09-17T00:36:34.348256Z	2026-09-10T08:00:00.000Z	ok	Y
01M2PCPKPZE0VCJ880W90X7AHT	ETH	candle_close	hyperliquid.info	candleSnapshot:ETH:1789030800000	2026-09-17T00:36:34.348256Z	2026-09-10T09:00:00.000Z	ok	Y
01M2PCPKQA2FK9TWV4WDGGYZA9	ETH	candle_close	hyperliquid.info	candleSnapshot:ETH:1789034400000	2026-09-17T00:36:34.348256Z	2026-09-10T10:00:00.000Z	ok	Y
01M2PCPKQMHZJV7W8GNGQR302D	ETH	candle_close	hyperliquid.info	candleSnapshot:ETH:1789038000000	2026-09-17T00:36:34.348256Z	2026-09-10T11:00:00.000Z	ok	Y
01M2PCPKQXN682NVDE5MVCJK2W	ETH	candle_close	hyperliquid.info	candleSnapshot:ETH:1789041600000	2026-09-17T00:36:34.348256Z	2026-09-10T12:00:00.000Z	ok	Y
01M2PCPKR665Q7Y3YCW4CZ2DB5	ETH	candle_close	hyperliquid.info	candleSnapshot:ETH:1789045200000	2026-09-17T00:36:34.348256Z	2026-09-10T13:00:00.000Z	ok	Y
01M2PCPKRF5MK9CMMWHYY41JM0	ETH	candle_close	hyperliquid.info	candleSnapshot:ETH:1789048800000	2026-09-17T00:36:34.348256Z	2026-09-10T14:00:00.000Z	ok	Y
01M2PCPKRQHMYWBY3RPM88T72T	ETH	candle_close	hyperliquid.info	candleSnapshot:ETH:1789052400000	2026-09-17T00:36:34.348256Z	2026-09-10T15:00:00.000Z	ok	Y
01M2PCPKRZ9DC78TA6Y44MEZHE	ETH	candle_close	hyperliquid.info	candleSnapshot:ETH:1789056000000	2026-09-17T00:36:34.348256Z	2026-09-10T16:00:00.000Z	ok	Y
01M2PCPKSD7271P2N9HKJZG83R	ETH	candle_close	hyperliquid.info	candleSnapshot:ETH:1789059600000	2026-09-17T00:36:34.348256Z	2026-09-10T17:00:00.000Z	ok	Y
01M2PCPKSQHZT1EP9NSR2SK4SA	ETH	candle_close	hyperliquid.info	candleSnapshot:ETH:1789063200000	2026-09-17T00:36:34.348256Z	2026-09-10T18:00:00.000Z	ok	Y
01M2PCPKSY043B7PDFEG3FRWYB	ETH	candle_close	hyperliquid.info	candleSnapshot:ETH:1789066800000	2026-09-17T00:36:34.348256Z	2026-09-10T19:00:00.000Z	ok	Y
01M2PCPKT7MEZK91BBY6YJFZTV	ETH	candle_close	hyperliquid.info	candleSnapshot:ETH:1789070400000	2026-09-17T00:36:34.348256Z	2026-09-10T20:00:00.000Z	ok	Y
01M2PCPKTFDYEATTJ1BR6N10XN	ETH	candle_close	hyperliquid.info	candleSnapshot:ETH:1789074000000	2026-09-17T00:36:34.348256Z	2026-09-10T21:00:00.000Z	ok	Y
01M2PCPKTRVS2SG6KYC26EPHJ6	ETH	candle_close	hyperliquid.info	candleSnapshot:ETH:1789077600000	2026-09-17T00:36:34.348256Z	2026-09-10T22:00:00.000Z	ok	Y
01M2PCPKV0EE8374A40P13CYBZ	ETH	candle_close	hyperliquid.info	candleSnapshot:ETH:1789081200000	2026-09-17T00:36:34.348256Z	2026-09-10T23:00:00.000Z	ok	Y
01M2PCPKVAJ05V3NCA80MFEXS1	ETH	candle_close	hyperliquid.info	candleSnapshot:ETH:1789084800000	2026-09-17T00:36:34.348256Z	2026-09-11T00:00:00.000Z	ok	Y
01M2PCPKVGRTWCHZHAF6JCFAF7	ETH	candle_close	hyperliquid.info	candleSnapshot:ETH:1789088400000	2026-09-17T00:36:34.348256Z	2026-09-11T01:00:00.000Z	ok	Y
01M2PCPKVSQXVH03AZ5X1P3D9J	ETH	candle_close	hyperliquid.info	candleSnapshot:ETH:1789092000000	2026-09-17T00:36:34.348256Z	2026-09-11T02:00:00.000Z	ok	Y
01M2PCPKW1YCVPKEX8XMGH3JZ2	ETH	candle_close	hyperliquid.info	candleSnapshot:ETH:1789095600000	2026-09-17T00:36:34.348256Z	2026-09-11T03:00:00.000Z	ok	Y
01M2PCPKWAQ7PMTMX64KN80GGH	ETH	candle_close	hyperliquid.info	candleSnapshot:ETH:1789099200000	2026-09-17T00:36:34.348256Z	2026-09-11T04:00:00.000Z	ok	Y
01M2PCPKWJ81H9QKRKBAG5KHQ1	ETH	candle_close	hyperliquid.info	candleSnapshot:ETH:1789102800000	2026-09-17T00:36:34.348256Z	2026-09-11T05:00:00.000Z	ok	Y
01M2PCPKWXNYC71XDRDY096611	ETH	candle_close	hyperliquid.info	candleSnapshot:ETH:1789106400000	2026-09-17T00:36:34.348256Z	2026-09-11T06:00:00.000Z	ok	Y
01M2PCPKX6QG9HY873EY9SGDRV	ETH	candle_close	hyperliquid.info	candleSnapshot:ETH:1789110000000	2026-09-17T00:36:34.348256Z	2026-09-11T07:00:00.000Z	ok	Y
01M2PCPKXE6ZWFM80YSJV27RV8	ETH	candle_close	hyperliquid.info	candleSnapshot:ETH:1789113600000	2026-09-17T00:36:34.348256Z	2026-09-11T08:00:00.000Z	ok	Y
01M2PCPKXP4BSHVG7QFTTP58B9	ETH	candle_close	hyperliquid.info	candleSnapshot:ETH:1789117200000	2026-09-17T00:36:34.348256Z	2026-09-11T09:00:00.000Z	ok	Y
01M2PCPKXZZHS9QVQS7T2BV26T	ETH	candle_close	hyperliquid.info	candleSnapshot:ETH:1789120800000	2026-09-17T00:36:34.348256Z	2026-09-11T10:00:00.000Z	ok	Y
01M2PCPKY8V54YK1S6NFYWT25E	ETH	candle_close	hyperliquid.info	candleSnapshot:ETH:1789124400000	2026-09-17T00:36:34.348256Z	2026-09-11T11:00:00.000Z	ok	Y
01M2PCPKYGE7TFC4CX6VHWYM33	ETH	candle_close	hyperliquid.info	candleSnapshot:ETH:1789128000000	2026-09-17T00:36:34.348256Z	2026-09-11T12:00:00.000Z	ok	Y
01M2PCPKYT5MASSWCP72W6TM8F	ETH	candle_close	hyperliquid.info	candleSnapshot:ETH:1789131600000	2026-09-17T00:36:34.348256Z	2026-09-11T13:00:00.000Z	ok	Y
01M2PCPKZ3F9GFJG67P55QKFST	ETH	candle_close	hyperliquid.info	candleSnapshot:ETH:1789135200000	2026-09-17T00:36:34.348256Z	2026-09-11T14:00:00.000Z	ok	Y
01M2PCPKZCMSBP0DKRK1J831MD	ETH	candle_close	hyperliquid.info	candleSnapshot:ETH:1789138800000	2026-09-17T00:36:34.348256Z	2026-09-11T15:00:00.000Z	ok	Y
01M2PCPKZNHFSHM97EB4ACZH9R	ETH	candle_close	hyperliquid.info	candleSnapshot:ETH:1789142400000	2026-09-17T00:36:34.348256Z	2026-09-11T16:00:00.000Z	ok	Y
01M2PCPKZWDD70F0MK2FAJXTET	ETH	candle_close	hyperliquid.info	candleSnapshot:ETH:1789146000000	2026-09-17T00:36:34.348256Z	2026-09-11T17:00:00.000Z	ok	Y
01M2PCPM05DC9BYC6Z7ZTEYZ4G	ETH	candle_close	hyperliquid.info	candleSnapshot:ETH:1789149600000	2026-09-17T00:36:34.348256Z	2026-09-11T18:00:00.000Z	ok	Y
01M2PCPM0ETG1WBXZEWMSXYTPV	ETH	candle_close	hyperliquid.info	candleSnapshot:ETH:1789153200000	2026-09-17T00:36:34.348256Z	2026-09-11T19:00:00.000Z	ok	Y
01M2PCPM0Q4ANP6A9FRTYCWX6V	ETH	candle_close	hyperliquid.info	candleSnapshot:ETH:1789156800000	2026-09-17T00:36:34.348256Z	2026-09-11T20:00:00.000Z	ok	Y
01M2PCPM10G401TQPKP2SCWHV7	ETH	candle_close	hyperliquid.info	candleSnapshot:ETH:1789160400000	2026-09-17T00:36:34.348256Z	2026-09-11T21:00:00.000Z	ok	Y
01M2PCPM19ZMW7Q7NB2EA2YM0P	ETH	candle_close	hyperliquid.info	candleSnapshot:ETH:1789164000000	2026-09-17T00:36:34.348256Z	2026-09-11T22:00:00.000Z	ok	Y
01M2PCPM1JZJ9D7TXM3P5KTHMV	ETH	candle_close	hyperliquid.info	candleSnapshot:ETH:1789167600000	2026-09-17T00:36:34.348256Z	2026-09-11T23:00:00.000Z	ok	Y
01M2PCPM1SFDCBA8RFCH6SGHMQ	ETH	candle_close	hyperliquid.info	candleSnapshot:ETH:1789171200000	2026-09-17T00:36:34.348256Z	2026-09-12T00:00:00.000Z	ok	Y
01M2PCPM22QB0AWRN8AAN4NWVY	ETH	candle_close	hyperliquid.info	candleSnapshot:ETH:1789174800000	2026-09-17T00:36:34.348256Z	2026-09-12T01:00:00.000Z	ok	Y
01M2PCPM2B5AJRWX4WK802EHHT	ETH	candle_close	hyperliquid.info	candleSnapshot:ETH:1789178400000	2026-09-17T00:36:34.348256Z	2026-09-12T02:00:00.000Z	ok	Y
01M2PCPM2M5P7ZX3SYJ9TYZ7Z7	ETH	candle_close	hyperliquid.info	candleSnapshot:ETH:1789182000000	2026-09-17T00:36:34.348256Z	2026-09-12T03:00:00.000Z	ok	Y
01M2PCPM2WGA973D5QAEHP156H	ETH	candle_close	hyperliquid.info	candleSnapshot:ETH:1789185600000	2026-09-17T00:36:34.348256Z	2026-09-12T04:00:00.000Z	ok	Y
01M2PCPM33N3P4W872XA78P3DT	ETH	candle_close	hyperliquid.info	candleSnapshot:ETH:1789189200000	2026-09-17T00:36:34.348256Z	2026-09-12T05:00:00.000Z	ok	Y
01M2PCPM3AGZ3PR5VE7TEMQJHP	ETH	candle_close	hyperliquid.info	candleSnapshot:ETH:1789192800000	2026-09-17T00:36:34.348256Z	2026-09-12T06:00:00.000Z	ok	Y
01M2PCPM3HEN9FR7X676EQT2XT	ETH	candle_close	hyperliquid.info	candleSnapshot:ETH:1789196400000	2026-09-17T00:36:34.348256Z	2026-09-12T07:00:00.000Z	ok	Y
01M2PCPM3TAY8SZF2MVM7W7SX6	ETH	candle_close	hyperliquid.info	candleSnapshot:ETH:1789200000000	2026-09-17T00:36:34.348256Z	2026-09-12T08:00:00.000Z	ok	Y
01M2PCPM42Y05Q197FBHRRB38P	ETH	candle_close	hyperliquid.info	candleSnapshot:ETH:1789203600000	2026-09-17T00:36:34.348256Z	2026-09-12T09:00:00.000Z	ok	Y
01M2PCPM48MPHC42VY2MX5F0TP	ETH	candle_close	hyperliquid.info	candleSnapshot:ETH:1789207200000	2026-09-17T00:36:34.348256Z	2026-09-12T10:00:00.000Z	ok	Y
01M2PCPM4HAAPVM1ABRJ4B8W1S	ETH	candle_close	hyperliquid.info	candleSnapshot:ETH:1789210800000	2026-09-17T00:36:34.348256Z	2026-09-12T11:00:00.000Z	ok	Y
01M2PCPM4T50VGMTY81J9FS2H5	ETH	candle_close	hyperliquid.info	candleSnapshot:ETH:1789214400000	2026-09-17T00:36:34.348256Z	2026-09-12T12:00:00.000Z	ok	Y
01M2PCPM53Z78TQ8GYYFYFN29J	ETH	candle_close	hyperliquid.info	candleSnapshot:ETH:1789218000000	2026-09-17T00:36:34.348256Z	2026-09-12T13:00:00.000Z	ok	Y
01M2PCPM5CH5Q5GZVJTH9FE1PC	ETH	candle_close	hyperliquid.info	candleSnapshot:ETH:1789221600000	2026-09-17T00:36:34.348256Z	2026-09-12T14:00:00.000Z	ok	Y
01M2PCPM5NFDP8Z6GKA75JTBGW	ETH	candle_close	hyperliquid.info	candleSnapshot:ETH:1789225200000	2026-09-17T00:36:34.348256Z	2026-09-12T15:00:00.000Z	ok	Y
01M2PCPM5XR5H030WXE0DHMYMN	ETH	candle_close	hyperliquid.info	candleSnapshot:ETH:1789228800000	2026-09-17T00:36:34.348256Z	2026-09-12T16:00:00.000Z	ok	Y
01M2PCPM64G3RRNTWRBJ2VFK56	ETH	candle_close	hyperliquid.info	candleSnapshot:ETH:1789232400000	2026-09-17T00:36:34.348256Z	2026-09-12T17:00:00.000Z	ok	Y
01M2PCPM6CPKDGGDVX588N9ZF5	ETH	candle_close	hyperliquid.info	candleSnapshot:ETH:1789236000000	2026-09-17T00:36:34.348256Z	2026-09-12T18:00:00.000Z	ok	Y
01M2PCPM6PQJ6TC102KGS3W6V0	ETH	candle_close	hyperliquid.info	candleSnapshot:ETH:1789239600000	2026-09-17T00:36:34.348256Z	2026-09-12T19:00:00.000Z	ok	Y
01M2PCPM6YTX034BXNRS6KZAJN	ETH	candle_close	hyperliquid.info	candleSnapshot:ETH:1789243200000	2026-09-17T00:36:34.348256Z	2026-09-12T20:00:00.000Z	ok	Y
01M2PCPM78XB7NNF0ZEAJGM0HE	ETH	candle_close	hyperliquid.info	candleSnapshot:ETH:1789246800000	2026-09-17T00:36:34.348256Z	2026-09-12T21:00:00.000Z	ok	Y
01M2PCPM7HCSMN24JK4XB4QAR5	ETH	candle_close	hyperliquid.info	candleSnapshot:ETH:1789250400000	2026-09-17T00:36:34.348256Z	2026-09-12T22:00:00.000Z	ok	Y
01M2PCPM7TD15ZGPCXFJMXZJPR	ETH	candle_close	hyperliquid.info	candleSnapshot:ETH:1789254000000	2026-09-17T00:36:34.348256Z	2026-09-12T23:00:00.000Z	ok	Y
01M2PCPM8308WD8HPD7BWPEC0S	ETH	candle_close	hyperliquid.info	candleSnapshot:ETH:1789257600000	2026-09-17T00:36:34.348256Z	2026-09-13T00:00:00.000Z	ok	Y
01M2PCPM8CD95H67SA01RY0Z34	ETH	candle_close	hyperliquid.info	candleSnapshot:ETH:1789261200000	2026-09-17T00:36:34.348256Z	2026-09-13T01:00:00.000Z	ok	Y
01M2PCPM8KAVQQ5Z9N3GV89HVZ	ETH	candle_close	hyperliquid.info	candleSnapshot:ETH:1789264800000	2026-09-17T00:36:34.348256Z	2026-09-13T02:00:00.000Z	ok	Y
01M2PCPM8XQSJ8G59XCW26S45A	ETH	candle_close	hyperliquid.info	candleSnapshot:ETH:1789268400000	2026-09-17T00:36:34.348256Z	2026-09-13T03:00:00.000Z	ok	Y
01M2PCPM96GAGKG5P31MCXSEHH	ETH	candle_close	hyperliquid.info	candleSnapshot:ETH:1789272000000	2026-09-17T00:36:34.348256Z	2026-09-13T04:00:00.000Z	ok	Y
01M2PCPM9FQXNT1DJN16N0FJP3	ETH	candle_close	hyperliquid.info	candleSnapshot:ETH:1789275600000	2026-09-17T00:36:34.348256Z	2026-09-13T05:00:00.000Z	ok	Y
01M2PCPM9Q74J4NG6GM6P2K47V	ETH	candle_close	hyperliquid.info	candleSnapshot:ETH:1789279200000	2026-09-17T00:36:34.348256Z	2026-09-13T06:00:00.000Z	ok	Y
01M2PCPMA0DSKDEZTCZNC2A09E	ETH	candle_close	hyperliquid.info	candleSnapshot:ETH:1789282800000	2026-09-17T00:36:34.348256Z	2026-09-13T07:00:00.000Z	ok	Y
01M2PCPMA89XRE9B8FA6NGQPHK	ETH	candle_close	hyperliquid.info	candleSnapshot:ETH:1789286400000	2026-09-17T00:36:34.348256Z	2026-09-13T08:00:00.000Z	ok	Y
01M2PCPMAG4YD944N086EF97KW	ETH	candle_close	hyperliquid.info	candleSnapshot:ETH:1789290000000	2026-09-17T00:36:34.348256Z	2026-09-13T09:00:00.000Z	ok	Y
01M2PCPMASKY4YY68NDDWWFT2Q	ETH	candle_close	hyperliquid.info	candleSnapshot:ETH:1789293600000	2026-09-17T00:36:34.348256Z	2026-09-13T10:00:00.000Z	ok	Y
01M2PCPMB1ER7Q4H8D6QPDA833	ETH	candle_close	hyperliquid.info	candleSnapshot:ETH:1789297200000	2026-09-17T00:36:34.348256Z	2026-09-13T11:00:00.000Z	ok	Y
01M2PCPMBATB7PYCBAA0QVSH5V	ETH	candle_close	hyperliquid.info	candleSnapshot:ETH:1789300800000	2026-09-17T00:36:34.348256Z	2026-09-13T12:00:00.000Z	ok	Y
01M2PCPMBHC6ZVQR8YYXPEZR2H	ETH	candle_close	hyperliquid.info	candleSnapshot:ETH:1789304400000	2026-09-17T00:36:34.348256Z	2026-09-13T13:00:00.000Z	ok	Y
01M2PCPMBRN33DFY709BS90PET	ETH	candle_close	hyperliquid.info	candleSnapshot:ETH:1789308000000	2026-09-17T00:36:34.348256Z	2026-09-13T14:00:00.000Z	ok	Y
01M2PCPMC0DNE9J92A6CH1WST8	ETH	candle_close	hyperliquid.info	candleSnapshot:ETH:1789311600000	2026-09-17T00:36:34.348256Z	2026-09-13T15:00:00.000Z	ok	Y
01M2PCPMC987SDMX4BTBJPCQCT	ETH	candle_close	hyperliquid.info	candleSnapshot:ETH:1789315200000	2026-09-17T00:36:34.348256Z	2026-09-13T16:00:00.000Z	ok	Y
01M2PCPMCK6VY9YGN3NJXXN6WZ	ETH	candle_close	hyperliquid.info	candleSnapshot:ETH:1789318800000	2026-09-17T00:36:34.348256Z	2026-09-13T17:00:00.000Z	ok	Y
01M2PCPMCVAN7KN72RH5VV62GZ	ETH	candle_close	hyperliquid.info	candleSnapshot:ETH:1789322400000	2026-09-17T00:36:34.348256Z	2026-09-13T18:00:00.000Z	ok	Y
01M2PCPMD4K424THQ4MJN7YQ6P	ETH	candle_close	hyperliquid.info	candleSnapshot:ETH:1789326000000	2026-09-17T00:36:34.348256Z	2026-09-13T19:00:00.000Z	ok	Y
01M2PCPMDD5HF8TD4DSY303NWR	ETH	candle_close	hyperliquid.info	candleSnapshot:ETH:1789329600000	2026-09-17T00:36:34.348256Z	2026-09-13T20:00:00.000Z	ok	Y
01M2PCPMDPJP42343RF79GTZ8J	ETH	candle_close	hyperliquid.info	candleSnapshot:ETH:1789333200000	2026-09-17T00:36:34.348256Z	2026-09-13T21:00:00.000Z	ok	Y
01M2PCPMDY7FQ5W4TKXQATH7A6	ETH	candle_close	hyperliquid.info	candleSnapshot:ETH:1789336800000	2026-09-17T00:36:34.348256Z	2026-09-13T22:00:00.000Z	ok	Y
01M2PCPME6KCPQC7NKSC7167KC	ETH	candle_close	hyperliquid.info	candleSnapshot:ETH:1789340400000	2026-09-17T00:36:34.348256Z	2026-09-13T23:00:00.000Z	ok	Y
01M2PCPMEFQ0SVTA16D2SXN73X	ETH	candle_close	hyperliquid.info	candleSnapshot:ETH:1789344000000	2026-09-17T00:36:34.348256Z	2026-09-14T00:00:00.000Z	ok	Y
01M2PCPMEQ8922T64YHP1VJE8T	ETH	candle_close	hyperliquid.info	candleSnapshot:ETH:1789347600000	2026-09-17T00:36:34.348256Z	2026-09-14T01:00:00.000Z	ok	Y
01M2PCPMEZ2XT99ZZSYC842TJ3	ETH	candle_close	hyperliquid.info	candleSnapshot:ETH:1789351200000	2026-09-17T00:36:34.348256Z	2026-09-14T02:00:00.000Z	ok	Y
01M2PCPMF762TAR3XAPAD12VRG	ETH	candle_close	hyperliquid.info	candleSnapshot:ETH:1789354800000	2026-09-17T00:36:34.348256Z	2026-09-14T03:00:00.000Z	ok	Y
01M2PCPMFG975B04DKWBJ8YC13	ETH	candle_close	hyperliquid.info	candleSnapshot:ETH:1789358400000	2026-09-17T00:36:34.348256Z	2026-09-14T04:00:00.000Z	ok	Y
01M2PCPMFST913VQ881E5XSNWW	ETH	candle_close	hyperliquid.info	candleSnapshot:ETH:1789362000000	2026-09-17T00:36:34.348256Z	2026-09-14T05:00:00.000Z	ok	Y
01M2PCPMG16DQ967QAFQRDGQH7	ETH	candle_close	hyperliquid.info	candleSnapshot:ETH:1789365600000	2026-09-17T00:36:34.348256Z	2026-09-14T06:00:00.000Z	ok	Y
01M2PCPMGBA55GS3JKWMJSX4QN	ETH	candle_close	hyperliquid.info	candleSnapshot:ETH:1789369200000	2026-09-17T00:36:34.348256Z	2026-09-14T07:00:00.000Z	ok	Y
01M2PCPMGMD44Z7FXTSGA49SEE	ETH	candle_close	hyperliquid.info	candleSnapshot:ETH:1789372800000	2026-09-17T00:36:34.348256Z	2026-09-14T08:00:00.000Z	ok	Y
01M2PCPMGY633AMW9N37CYAVE1	ETH	candle_close	hyperliquid.info	candleSnapshot:ETH:1789376400000	2026-09-17T00:36:34.348256Z	2026-09-14T09:00:00.000Z	ok	Y
01M2PCPMH7WEHGK52ZMWASXX0H	ETH	candle_close	hyperliquid.info	candleSnapshot:ETH:1789380000000	2026-09-17T00:36:34.348256Z	2026-09-14T10:00:00.000Z	ok	Y
01M2PCPMHGBR85FH3CZSTRF1CH	ETH	candle_close	hyperliquid.info	candleSnapshot:ETH:1789383600000	2026-09-17T00:36:34.348256Z	2026-09-14T11:00:00.000Z	ok	Y
01M2PCPMHSV875494K21S38GV2	ETH	candle_close	hyperliquid.info	candleSnapshot:ETH:1789387200000	2026-09-17T00:36:34.348256Z	2026-09-14T12:00:00.000Z	ok	Y
01M2PCPMJ095M5GS9F3D3TQ8T3	ETH	candle_close	hyperliquid.info	candleSnapshot:ETH:1789390800000	2026-09-17T00:36:34.348256Z	2026-09-14T13:00:00.000Z	ok	Y
01M2PCPMJ9N3KM1QX604XVEFV2	ETH	candle_close	hyperliquid.info	candleSnapshot:ETH:1789394400000	2026-09-17T00:36:34.348256Z	2026-09-14T14:00:00.000Z	ok	Y
01M2PCPMJJ992FJ6MN5QTD3BCP	ETH	candle_close	hyperliquid.info	candleSnapshot:ETH:1789398000000	2026-09-17T00:36:34.348256Z	2026-09-14T15:00:00.000Z	ok	Y
01M2PCPMJVD3GPAQCZYTHNWXJM	ETH	candle_close	hyperliquid.info	candleSnapshot:ETH:1789401600000	2026-09-17T00:36:34.348256Z	2026-09-14T16:00:00.000Z	ok	Y
01M2PCPMK4AE759FCT7DKVBGRA	ETH	candle_close	hyperliquid.info	candleSnapshot:ETH:1789405200000	2026-09-17T00:36:34.348256Z	2026-09-14T17:00:00.000Z	ok	Y
01M2PCPMKD64HRQCM3T8E20H1H	ETH	candle_close	hyperliquid.info	candleSnapshot:ETH:1789408800000	2026-09-17T00:36:34.348256Z	2026-09-14T18:00:00.000Z	ok	Y
01M2PCPMKPFS0ZY9QHZG89FY0Q	ETH	candle_close	hyperliquid.info	candleSnapshot:ETH:1789412400000	2026-09-17T00:36:34.348256Z	2026-09-14T19:00:00.000Z	ok	Y
01M2PCPMKZ0DT9V2C57ASXCGKH	ETH	candle_close	hyperliquid.info	candleSnapshot:ETH:1789416000000	2026-09-17T00:36:34.348256Z	2026-09-14T20:00:00.000Z	ok	Y
01M2PCPMM613JEFV0DVYD2EE7T	ETH	candle_close	hyperliquid.info	candleSnapshot:ETH:1789419600000	2026-09-17T00:36:34.348256Z	2026-09-14T21:00:00.000Z	ok	Y
01M2PCPMMF3CA0S02SNPFK93HT	ETH	candle_close	hyperliquid.info	candleSnapshot:ETH:1789423200000	2026-09-17T00:36:34.348256Z	2026-09-14T22:00:00.000Z	ok	Y
01M2PCPMMRRVRCDE8TJGFCRAZD	ETH	candle_close	hyperliquid.info	candleSnapshot:ETH:1789426800000	2026-09-17T00:36:34.348256Z	2026-09-14T23:00:00.000Z	ok	Y
01M2PCPMN2JCMH1RZNE25V6FJH	ETH	candle_close	hyperliquid.info	candleSnapshot:ETH:1789430400000	2026-09-17T00:36:34.348256Z	2026-09-15T00:00:00.000Z	ok	Y
01M2PCPMNB4AV71WSKKE9GMPQ7	ETH	candle_close	hyperliquid.info	candleSnapshot:ETH:1789434000000	2026-09-17T00:36:34.348256Z	2026-09-15T01:00:00.000Z	ok	Y
01M2PCPMNMJH02F21SSFGZEMGZ	ETH	candle_close	hyperliquid.info	candleSnapshot:ETH:1789437600000	2026-09-17T00:36:34.348256Z	2026-09-15T02:00:00.000Z	ok	Y
01M2PCPMNXY5NSK12F86RR6PX6	ETH	candle_close	hyperliquid.info	candleSnapshot:ETH:1789441200000	2026-09-17T00:36:34.348256Z	2026-09-15T03:00:00.000Z	ok	Y
01M2PCPMP6HH8AVZX77EVS97F3	ETH	candle_close	hyperliquid.info	candleSnapshot:ETH:1789444800000	2026-09-17T00:36:34.348256Z	2026-09-15T04:00:00.000Z	ok	Y
01M2PCPMPEMEHJF0S6X2KX6H4P	ETH	candle_close	hyperliquid.info	candleSnapshot:ETH:1789448400000	2026-09-17T00:36:34.348256Z	2026-09-15T05:00:00.000Z	ok	Y
01M2PCPMPPZG7YQD4ZGWKPC02S	ETH	candle_close	hyperliquid.info	candleSnapshot:ETH:1789452000000	2026-09-17T00:36:34.348256Z	2026-09-15T06:00:00.000Z	ok	Y
01M2PCPMPZ2Q9K7N4XQQ58FA69	ETH	candle_close	hyperliquid.info	candleSnapshot:ETH:1789455600000	2026-09-17T00:36:34.348256Z	2026-09-15T07:00:00.000Z	ok	Y
01M2PCPMQ9CTNC1HP8FXR0M8HX	ETH	candle_close	hyperliquid.info	candleSnapshot:ETH:1789459200000	2026-09-17T00:36:34.348256Z	2026-09-15T08:00:00.000Z	ok	Y
01M2PCPMQH3G3Q1V3M5NT45FMB	ETH	candle_close	hyperliquid.info	candleSnapshot:ETH:1789462800000	2026-09-17T00:36:34.348256Z	2026-09-15T09:00:00.000Z	ok	Y
01M2PCPMQTQ225X8KM5VY6GD4J	ETH	candle_close	hyperliquid.info	candleSnapshot:ETH:1789466400000	2026-09-17T00:36:34.348256Z	2026-09-15T10:00:00.000Z	ok	Y
01M2PCPMR3XKBNKQTH7R76YE9M	ETH	candle_close	hyperliquid.info	candleSnapshot:ETH:1789470000000	2026-09-17T00:36:34.348256Z	2026-09-15T11:00:00.000Z	ok	Y
01M2PCPMRB7C45EVG765QYSJVN	ETH	candle_close	hyperliquid.info	candleSnapshot:ETH:1789473600000	2026-09-17T00:36:34.348256Z	2026-09-15T12:00:00.000Z	ok	Y
01M2PCPMRNGKEXW4SYFPRRJV8Z	ETH	candle_close	hyperliquid.info	candleSnapshot:ETH:1789477200000	2026-09-17T00:36:34.348256Z	2026-09-15T13:00:00.000Z	ok	Y
01M2PCPMRXT4PYR6CSAXGPYAMM	ETH	candle_close	hyperliquid.info	candleSnapshot:ETH:1789480800000	2026-09-17T00:36:34.348256Z	2026-09-15T14:00:00.000Z	ok	Y
01M2PCPMS6T4NF0CFEX1XVDDBE	ETH	candle_close	hyperliquid.info	candleSnapshot:ETH:1789484400000	2026-09-17T00:36:34.348256Z	2026-09-15T15:00:00.000Z	ok	Y
01M2PCPMSGXMSJNGRMB1J106AE	ETH	candle_close	hyperliquid.info	candleSnapshot:ETH:1789488000000	2026-09-17T00:36:34.348256Z	2026-09-15T16:00:00.000Z	ok	Y
01M2PCPMSS871Q8PEZV5AYFDK0	ETH	candle_close	hyperliquid.info	candleSnapshot:ETH:1789491600000	2026-09-17T00:36:34.348256Z	2026-09-15T17:00:00.000Z	ok	Y
01M2PCPMT403ED73RQE7EDP7W6	ETH	candle_close	hyperliquid.info	candleSnapshot:ETH:1789495200000	2026-09-17T00:36:34.348256Z	2026-09-15T18:00:00.000Z	ok	Y
01M2PCPMTCVFP37TDM5MZW9KTS	ETH	candle_close	hyperliquid.info	candleSnapshot:ETH:1789498800000	2026-09-17T00:36:34.348256Z	2026-09-15T19:00:00.000Z	ok	Y
01M2PCPMTSKGMDEQQTFSTYBY50	ETH	candle_close	hyperliquid.info	candleSnapshot:ETH:1789502400000	2026-09-17T00:36:34.348256Z	2026-09-15T20:00:00.000Z	ok	Y
01M2PCPMV2013JD3ZGJ8M5QW4Q	ETH	candle_close	hyperliquid.info	candleSnapshot:ETH:1789506000000	2026-09-17T00:36:34.348256Z	2026-09-15T21:00:00.000Z	ok	Y
01M2PCPMVACBCRF8CJF5EG8D3T	ETH	candle_close	hyperliquid.info	candleSnapshot:ETH:1789509600000	2026-09-17T00:36:34.348256Z	2026-09-15T22:00:00.000Z	ok	Y
01M2PCPMVK80VC2B66CRPMXDWY	ETH	candle_close	hyperliquid.info	candleSnapshot:ETH:1789513200000	2026-09-17T00:36:34.348256Z	2026-09-15T23:00:00.000Z	ok	Y
01M2PCPMVV3YKVR45SKASP90PB	ETH	candle_close	hyperliquid.info	candleSnapshot:ETH:1789516800000	2026-09-17T00:36:34.348256Z	2026-09-16T00:00:00.000Z	ok	Y
01M2PCPMW71F3E68GS3N2KE00E	ETH	candle_close	hyperliquid.info	candleSnapshot:ETH:1789520400000	2026-09-17T00:36:34.348256Z	2026-09-16T01:00:00.000Z	ok	Y
01M2PCPMWGXZMHD92SEH6S7N7Y	ETH	candle_close	hyperliquid.info	candleSnapshot:ETH:1789524000000	2026-09-17T00:36:34.348256Z	2026-09-16T02:00:00.000Z	ok	Y
01M2PCPMWXH90BP5FJ7BMP8W0E	ETH	candle_close	hyperliquid.info	candleSnapshot:ETH:1789527600000	2026-09-17T00:36:34.348256Z	2026-09-16T03:00:00.000Z	ok	Y
01M2PCPMX91AZYQY81QYEG5YF7	ETH	candle_close	hyperliquid.info	candleSnapshot:ETH:1789531200000	2026-09-17T00:36:34.348256Z	2026-09-16T04:00:00.000Z	ok	Y
01M2PCPMXKCG374KSVYDSR72MX	ETH	candle_close	hyperliquid.info	candleSnapshot:ETH:1789534800000	2026-09-17T00:36:34.348256Z	2026-09-16T05:00:00.000Z	ok	Y
01M2PCPMXXC47BJSKDDP59MCCZ	ETH	candle_close	hyperliquid.info	candleSnapshot:ETH:1789538400000	2026-09-17T00:36:34.348256Z	2026-09-16T06:00:00.000Z	ok	Y
01M2PCPMY7YQPQ1CP47YRFTZCB	ETH	candle_close	hyperliquid.info	candleSnapshot:ETH:1789542000000	2026-09-17T00:36:34.348256Z	2026-09-16T07:00:00.000Z	ok	Y
01M2PCPMYMGT6V1SFDDWENG5W1	ETH	candle_close	hyperliquid.info	candleSnapshot:ETH:1789545600000	2026-09-17T00:36:34.348256Z	2026-09-16T08:00:00.000Z	ok	Y
01M2PCPMYXQHP8ZMEPQ1JJB05Y	ETH	candle_close	hyperliquid.info	candleSnapshot:ETH:1789549200000	2026-09-17T00:36:34.348256Z	2026-09-16T09:00:00.000Z	ok	Y
01M2PCPMZ6NWWRG79Z51DPFCGH	ETH	candle_close	hyperliquid.info	candleSnapshot:ETH:1789552800000	2026-09-17T00:36:34.348256Z	2026-09-16T10:00:00.000Z	ok	Y
01M2PCPMZE67PGM9R134WA25HN	ETH	candle_close	hyperliquid.info	candleSnapshot:ETH:1789556400000	2026-09-17T00:36:34.348256Z	2026-09-16T11:00:00.000Z	ok	Y
01M2PCPMZRKZYW7HDRKVQME2KG	ETH	candle_close	hyperliquid.info	candleSnapshot:ETH:1789560000000	2026-09-17T00:36:34.348256Z	2026-09-16T12:00:00.000Z	ok	Y
01M2PCPN02CVTJ6E8GS9VX5J0V	ETH	candle_close	hyperliquid.info	candleSnapshot:ETH:1789563600000	2026-09-17T00:36:34.348256Z	2026-09-16T13:00:00.000Z	ok	Y
01M2PCPN0BM9ERZTCX2VD74JWB	ETH	candle_close	hyperliquid.info	candleSnapshot:ETH:1789567200000	2026-09-17T00:36:34.348256Z	2026-09-16T14:00:00.000Z	ok	Y
01M2PCPN0P4GPGKCWQ97TBH2R3	ETH	candle_close	hyperliquid.info	candleSnapshot:ETH:1789570800000	2026-09-17T00:36:34.348256Z	2026-09-16T15:00:00.000Z	ok	Y
01M2PCPN0ZB2PVN9130Z1ZY66F	ETH	candle_close	hyperliquid.info	candleSnapshot:ETH:1789574400000	2026-09-17T00:36:34.348256Z	2026-09-16T16:00:00.000Z	ok	Y
01M2PCPN1ANN93MRYBWBFTD1XE	ETH	candle_close	hyperliquid.info	candleSnapshot:ETH:1789578000000	2026-09-17T00:36:34.348256Z	2026-09-16T17:00:00.000Z	ok	Y
01M2PCPN1K5H1T7VTV0AD3AQK0	ETH	candle_close	hyperliquid.info	candleSnapshot:ETH:1789581600000	2026-09-17T00:36:34.348256Z	2026-09-16T18:00:00.000Z	ok	Y
01M2PCPN1X02PZ0BKXGYDV2R52	ETH	candle_close	hyperliquid.info	candleSnapshot:ETH:1789585200000	2026-09-17T00:36:34.348256Z	2026-09-16T19:00:00.000Z	ok	Y
01M2PCPN27SET58VQJV66MCDQE	ETH	candle_close	hyperliquid.info	candleSnapshot:ETH:1789588800000	2026-09-17T00:36:34.348256Z	2026-09-16T20:00:00.000Z	ok	Y
01M2PCPN2NPNVRKEX7SH9MF8GN	ETH	candle_close	hyperliquid.info	candleSnapshot:ETH:1789592400000	2026-09-17T00:36:34.348256Z	2026-09-16T21:00:00.000Z	ok	Y
01M2PCPN2Z0Y13W97X25K31NDG	ETH	candle_close	hyperliquid.info	candleSnapshot:ETH:1789596000000	2026-09-17T00:36:34.348256Z	2026-09-16T22:00:00.000Z	ok	Y
01M2PCPN3AX9EBQMGHPEXJN0JF	ETH	candle_close	hyperliquid.info	candleSnapshot:ETH:1789599600000	2026-09-17T00:36:34.348256Z	2026-09-16T23:00:00.000Z	ok	Y
01M2PCPN3K7RDCPSQRBV0R5A8A	ETH	candle_close	hyperliquid.info	candleSnapshot:ETH:1789603200000	2026-09-17T00:36:34.348256Z	2026-09-17T00:00:00.000Z	contradicted	Y
01M2PCXHFD0XKS8RRE7R04FNFZ	ETH	candle_close	hyperliquid.info	candleSnapshot:ETH:1789603200000	2026-09-17T00:40:19.321319Z	2026-09-17T00:00:00.000Z	contradicted	Y
01M2PCPEK2ZXFDKPK0TDZZZ5M4	ETH	funding	hyperliquid.info	metaAndAssetCtxs	2026-09-17T00:36:34.348256Z	NULL	ok	Y
01M2PCPJ17RY4PZQHSMGT0BQ2S	ETH	funding	hyperliquid.info	fundingHistory:ETH:1789002000046	2026-09-17T00:36:34.348256Z	2026-09-10T01:00:00.046Z	ok	Y
01M2PCPJ1K3M0J71VEP0YD4MC7	ETH	funding	hyperliquid.info	fundingHistory:ETH:1789005600018	2026-09-17T00:36:34.348256Z	2026-09-10T02:00:00.018Z	ok	Y
01M2PCPJ1WVB13XNK2YQV4GRZY	ETH	funding	hyperliquid.info	fundingHistory:ETH:1789009200048	2026-09-17T00:36:34.348256Z	2026-09-10T03:00:00.048Z	ok	Y
01M2PCPJ266S4YE3Q27WFA6KA7	ETH	funding	hyperliquid.info	fundingHistory:ETH:1789012800047	2026-09-17T00:36:34.348256Z	2026-09-10T04:00:00.047Z	ok	Y
01M2PCPJ2F0ZYQVE4110CKXHZE	ETH	funding	hyperliquid.info	fundingHistory:ETH:1789016400010	2026-09-17T00:36:34.348256Z	2026-09-10T05:00:00.010Z	ok	Y
01M2PCPJ2RJ7JAJKQYY464YJTJ	ETH	funding	hyperliquid.info	fundingHistory:ETH:1789020000021	2026-09-17T00:36:34.348256Z	2026-09-10T06:00:00.021Z	ok	Y
01M2PCPJ33ZWR92J5WH5A1CJE2	ETH	funding	hyperliquid.info	fundingHistory:ETH:1789023600026	2026-09-17T00:36:34.348256Z	2026-09-10T07:00:00.026Z	ok	Y
01M2PCPJ3CVCZCNF887NTHXBHB	ETH	funding	hyperliquid.info	fundingHistory:ETH:1789027200027	2026-09-17T00:36:34.348256Z	2026-09-10T08:00:00.027Z	ok	Y
01M2PCPJ3NK48R7MP32J9Y7PC8	ETH	funding	hyperliquid.info	fundingHistory:ETH:1789030800040	2026-09-17T00:36:34.348256Z	2026-09-10T09:00:00.040Z	ok	Y
01M2PCPJ3XHTGS7E5PYPXYDWMQ	ETH	funding	hyperliquid.info	fundingHistory:ETH:1789034400112	2026-09-17T00:36:34.348256Z	2026-09-10T10:00:00.112Z	ok	Y
01M2PCPJ462EK7BR6VQJ3Q586V	ETH	funding	hyperliquid.info	fundingHistory:ETH:1789038000012	2026-09-17T00:36:34.348256Z	2026-09-10T11:00:00.012Z	ok	Y
01M2PCPJ4FE68YN07TWGA6G16J	ETH	funding	hyperliquid.info	fundingHistory:ETH:1789041600126	2026-09-17T00:36:34.348256Z	2026-09-10T12:00:00.126Z	ok	Y
01M2PCPJ4RXSAXRC8F8KHZP8GY	ETH	funding	hyperliquid.info	fundingHistory:ETH:1789045200008	2026-09-17T00:36:34.348256Z	2026-09-10T13:00:00.008Z	ok	Y
01M2PCPJ51PAGF245685NQSMY7	ETH	funding	hyperliquid.info	fundingHistory:ETH:1789048800007	2026-09-17T00:36:34.348256Z	2026-09-10T14:00:00.007Z	ok	Y
01M2PCPJ5A81Q8XN0D0ZGKB2EE	ETH	funding	hyperliquid.info	fundingHistory:ETH:1789052400004	2026-09-17T00:36:34.348256Z	2026-09-10T15:00:00.004Z	ok	Y
01M2PCPJ5KQQ3N2WYDRZJ2BG43	ETH	funding	hyperliquid.info	fundingHistory:ETH:1789056000091	2026-09-17T00:36:34.348256Z	2026-09-10T16:00:00.091Z	ok	Y
01M2PCPJ5VZY5EEZ6T3RVGF8R7	ETH	funding	hyperliquid.info	fundingHistory:ETH:1789059600001	2026-09-17T00:36:34.348256Z	2026-09-10T17:00:00.001Z	ok	Y
01M2PCPJ64KX5QQF88TW9E5Y5W	ETH	funding	hyperliquid.info	fundingHistory:ETH:1789063200063	2026-09-17T00:36:34.348256Z	2026-09-10T18:00:00.063Z	ok	Y
01M2PCPJ6C4EMK26M8TYARSRPM	ETH	funding	hyperliquid.info	fundingHistory:ETH:1789066800045	2026-09-17T00:36:34.348256Z	2026-09-10T19:00:00.045Z	ok	Y
01M2PCPJ6P5HHZB5ZNWWKJSSQH	ETH	funding	hyperliquid.info	fundingHistory:ETH:1789070400028	2026-09-17T00:36:34.348256Z	2026-09-10T20:00:00.028Z	ok	Y
01M2PCPJ6Z9QJ822KPEQDKSRC4	ETH	funding	hyperliquid.info	fundingHistory:ETH:1789074000110	2026-09-17T00:36:34.348256Z	2026-09-10T21:00:00.110Z	ok	Y
01M2PCPJ781B763170EFEZN9S2	ETH	funding	hyperliquid.info	fundingHistory:ETH:1789077600028	2026-09-17T00:36:34.348256Z	2026-09-10T22:00:00.028Z	ok	Y
01M2PCPJ7JKMT1EJSZ0EQTFKJB	ETH	funding	hyperliquid.info	fundingHistory:ETH:1789081200007	2026-09-17T00:36:34.348256Z	2026-09-10T23:00:00.007Z	ok	Y
01M2PCPJ7TBQ4WWJKQ591CY5YB	ETH	funding	hyperliquid.info	fundingHistory:ETH:1789084800040	2026-09-17T00:36:34.348256Z	2026-09-11T00:00:00.040Z	ok	Y
01M2PCPJ83E30C6D0YHZW13RTN	ETH	funding	hyperliquid.info	fundingHistory:ETH:1789088400030	2026-09-17T00:36:34.348256Z	2026-09-11T01:00:00.030Z	ok	Y
01M2PCPJ8BVRSYHGXYS6AMA6EE	ETH	funding	hyperliquid.info	fundingHistory:ETH:1789092000019	2026-09-17T00:36:34.348256Z	2026-09-11T02:00:00.019Z	ok	Y
01M2PCPJ8K8ANQSMKXN8YJTPT8	ETH	funding	hyperliquid.info	fundingHistory:ETH:1789095600118	2026-09-17T00:36:34.348256Z	2026-09-11T03:00:00.118Z	ok	Y
01M2PCPJ8WTSEKAVM6J9MHZA2R	ETH	funding	hyperliquid.info	fundingHistory:ETH:1789099200030	2026-09-17T00:36:34.348256Z	2026-09-11T04:00:00.030Z	ok	Y
01M2PCPJ94XSA5MKZTE4E9M1RD	ETH	funding	hyperliquid.info	fundingHistory:ETH:1789102800018	2026-09-17T00:36:34.348256Z	2026-09-11T05:00:00.018Z	ok	Y
01M2PCPJ9E50EBYJV9YZ4H8KGW	ETH	funding	hyperliquid.info	fundingHistory:ETH:1789106400042	2026-09-17T00:36:34.348256Z	2026-09-11T06:00:00.042Z	ok	Y
01M2PCPJ9Q4KPDWER83X8AAJ7W	ETH	funding	hyperliquid.info	fundingHistory:ETH:1789110000124	2026-09-17T00:36:34.348256Z	2026-09-11T07:00:00.124Z	ok	Y
01M2PCPJA0N1ASH2CA9AGTZYYG	ETH	funding	hyperliquid.info	fundingHistory:ETH:1789113600085	2026-09-17T00:36:34.348256Z	2026-09-11T08:00:00.085Z	ok	Y
01M2PCPJAA0FZF6N3TPGVKZGR2	ETH	funding	hyperliquid.info	fundingHistory:ETH:1789117200037	2026-09-17T00:36:34.348256Z	2026-09-11T09:00:00.037Z	ok	Y
01M2PCPJAK75N6MZD852EQRQQQ	ETH	funding	hyperliquid.info	fundingHistory:ETH:1789120800021	2026-09-17T00:36:34.348256Z	2026-09-11T10:00:00.021Z	ok	Y
01M2PCPJAW7XHHMT064YY9F8NV	ETH	funding	hyperliquid.info	fundingHistory:ETH:1789124400046	2026-09-17T00:36:34.348256Z	2026-09-11T11:00:00.046Z	ok	Y
01M2PCPJB62DX8KME1QHWQH4C8	ETH	funding	hyperliquid.info	fundingHistory:ETH:1789128000006	2026-09-17T00:36:34.348256Z	2026-09-11T12:00:00.006Z	ok	Y
01M2PCPJBEYZDB16SX1M8XV98W	ETH	funding	hyperliquid.info	fundingHistory:ETH:1789131600057	2026-09-17T00:36:34.348256Z	2026-09-11T13:00:00.057Z	ok	Y
01M2PCPJBPXVM2ANQVCTJTQFR1	ETH	funding	hyperliquid.info	fundingHistory:ETH:1789135200020	2026-09-17T00:36:34.348256Z	2026-09-11T14:00:00.020Z	ok	Y
01M2PCPJC0WTXTEV9P28KJ1DKE	ETH	funding	hyperliquid.info	fundingHistory:ETH:1789138800047	2026-09-17T00:36:34.348256Z	2026-09-11T15:00:00.047Z	ok	Y
01M2PCPJC9JHF58QE6S32KJ9JE	ETH	funding	hyperliquid.info	fundingHistory:ETH:1789142400047	2026-09-17T00:36:34.348256Z	2026-09-11T16:00:00.047Z	ok	Y
01M2PCPJCJ3XGNSZSKJQR3HDTH	ETH	funding	hyperliquid.info	fundingHistory:ETH:1789146000028	2026-09-17T00:36:34.348256Z	2026-09-11T17:00:00.028Z	ok	Y
01M2PCPJCTJHGQZ0VXT2NHRFK2	ETH	funding	hyperliquid.info	fundingHistory:ETH:1789149600021	2026-09-17T00:36:34.348256Z	2026-09-11T18:00:00.021Z	ok	Y
01M2PCPJD3B2ZX6FE1QYXYVTT8	ETH	funding	hyperliquid.info	fundingHistory:ETH:1789153200011	2026-09-17T00:36:34.348256Z	2026-09-11T19:00:00.011Z	ok	Y
01M2PCPJDC16ET7FRXTMJX96DM	ETH	funding	hyperliquid.info	fundingHistory:ETH:1789156800017	2026-09-17T00:36:34.348256Z	2026-09-11T20:00:00.017Z	ok	Y
01M2PCPJDKJBYCXGSE1G134H7C	ETH	funding	hyperliquid.info	fundingHistory:ETH:1789160400000	2026-09-17T00:36:34.348256Z	2026-09-11T21:00:00.000Z	ok	Y
01M2PCPJDVKFM7T5VNGMM0M4ZT	ETH	funding	hyperliquid.info	fundingHistory:ETH:1789164000041	2026-09-17T00:36:34.348256Z	2026-09-11T22:00:00.041Z	ok	Y
01M2PCPJE3X65M5EXEZHCD6ZD2	ETH	funding	hyperliquid.info	fundingHistory:ETH:1789167600007	2026-09-17T00:36:34.348256Z	2026-09-11T23:00:00.007Z	ok	Y
01M2PCPJEA2J9SDMB03C7HV2S8	ETH	funding	hyperliquid.info	fundingHistory:ETH:1789171200064	2026-09-17T00:36:34.348256Z	2026-09-12T00:00:00.064Z	ok	Y
01M2PCPJEJ4J3ENY9831ADHGG0	ETH	funding	hyperliquid.info	fundingHistory:ETH:1789174800041	2026-09-17T00:36:34.348256Z	2026-09-12T01:00:00.041Z	ok	Y
01M2PCPJET0K7ZSGGAGAK1AWY1	ETH	funding	hyperliquid.info	fundingHistory:ETH:1789178400023	2026-09-17T00:36:34.348256Z	2026-09-12T02:00:00.023Z	ok	Y
01M2PCPJF3JFY7MXVN8D5BMCHS	ETH	funding	hyperliquid.info	fundingHistory:ETH:1789182000036	2026-09-17T00:36:34.348256Z	2026-09-12T03:00:00.036Z	ok	Y
01M2PCPJFBFY1W9YCBZH94CHMX	ETH	funding	hyperliquid.info	fundingHistory:ETH:1789185600037	2026-09-17T00:36:34.348256Z	2026-09-12T04:00:00.037Z	ok	Y
01M2PCPJFME1V8Y95W17SQDA4C	ETH	funding	hyperliquid.info	fundingHistory:ETH:1789189200028	2026-09-17T00:36:34.348256Z	2026-09-12T05:00:00.028Z	ok	Y
01M2PCPJFXN0E6TV1Y84NFQNFA	ETH	funding	hyperliquid.info	fundingHistory:ETH:1789192800003	2026-09-17T00:36:34.348256Z	2026-09-12T06:00:00.003Z	ok	Y
01M2PCPJG6MKS4QBNY2J7KZ9NK	ETH	funding	hyperliquid.info	fundingHistory:ETH:1789196400009	2026-09-17T00:36:34.348256Z	2026-09-12T07:00:00.009Z	ok	Y
01M2PCPJGFW1YC49F12XN9982P	ETH	funding	hyperliquid.info	fundingHistory:ETH:1789200000039	2026-09-17T00:36:34.348256Z	2026-09-12T08:00:00.039Z	ok	Y
01M2PCPJGPX4TY8MMCGHE5W887	ETH	funding	hyperliquid.info	fundingHistory:ETH:1789203600059	2026-09-17T00:36:34.348256Z	2026-09-12T09:00:00.059Z	ok	Y
01M2PCPJGZSGM7VF1GCTCCXBGH	ETH	funding	hyperliquid.info	fundingHistory:ETH:1789207200014	2026-09-17T00:36:34.348256Z	2026-09-12T10:00:00.014Z	ok	Y
01M2PCPJH7TV8TCZ07M507ZX16	ETH	funding	hyperliquid.info	fundingHistory:ETH:1789210800059	2026-09-17T00:36:34.348256Z	2026-09-12T11:00:00.059Z	ok	Y
01M2PCPJHG55R96GA7CWZ5NQ94	ETH	funding	hyperliquid.info	fundingHistory:ETH:1789214400037	2026-09-17T00:36:34.348256Z	2026-09-12T12:00:00.037Z	ok	Y
01M2PCPJHT59DKQFVWG4Z5A8HP	ETH	funding	hyperliquid.info	fundingHistory:ETH:1789218000041	2026-09-17T00:36:34.348256Z	2026-09-12T13:00:00.041Z	ok	Y
01M2PCPJJ2BRSQ3SW8F37M844N	ETH	funding	hyperliquid.info	fundingHistory:ETH:1789221600000	2026-09-17T00:36:34.348256Z	2026-09-12T14:00:00.000Z	ok	Y
01M2PCPJJADEKDQBV3P9GKYEPY	ETH	funding	hyperliquid.info	fundingHistory:ETH:1789225200104	2026-09-17T00:36:34.348256Z	2026-09-12T15:00:00.104Z	ok	Y
01M2PCPJJK21PCV984ET94MH1Z	ETH	funding	hyperliquid.info	fundingHistory:ETH:1789228800001	2026-09-17T00:36:34.348256Z	2026-09-12T16:00:00.001Z	ok	Y
01M2PCPJJW36RKQM0NPEJZWNX9	ETH	funding	hyperliquid.info	fundingHistory:ETH:1789232400043	2026-09-17T00:36:34.348256Z	2026-09-12T17:00:00.043Z	ok	Y
01M2PCPJK5DD5F3FTYVHFXGAM4	ETH	funding	hyperliquid.info	fundingHistory:ETH:1789236000008	2026-09-17T00:36:34.348256Z	2026-09-12T18:00:00.008Z	ok	Y
01M2PCPJKEY35B1VGDHWQ2PDW8	ETH	funding	hyperliquid.info	fundingHistory:ETH:1789239600008	2026-09-17T00:36:34.348256Z	2026-09-12T19:00:00.008Z	ok	Y
01M2PCPJKQ1E9H7M16E30Y8Z08	ETH	funding	hyperliquid.info	fundingHistory:ETH:1789243200022	2026-09-17T00:36:34.348256Z	2026-09-12T20:00:00.022Z	ok	Y
01M2PCPJKYZGS4EKCW6PYMMPTX	ETH	funding	hyperliquid.info	fundingHistory:ETH:1789246800010	2026-09-17T00:36:34.348256Z	2026-09-12T21:00:00.010Z	ok	Y
01M2PCPJM7XHCRADV0SR4V1VRF	ETH	funding	hyperliquid.info	fundingHistory:ETH:1789250400013	2026-09-17T00:36:34.348256Z	2026-09-12T22:00:00.013Z	ok	Y
01M2PCPJME2N437WJ0XTYPH08K	ETH	funding	hyperliquid.info	fundingHistory:ETH:1789254000043	2026-09-17T00:36:34.348256Z	2026-09-12T23:00:00.043Z	ok	Y
01M2PCPJMPJA9262JTFGRWBXE2	ETH	funding	hyperliquid.info	fundingHistory:ETH:1789257600049	2026-09-17T00:36:34.348256Z	2026-09-13T00:00:00.049Z	ok	Y
01M2PCPJMYHNFQ3KGEWBMQK222	ETH	funding	hyperliquid.info	fundingHistory:ETH:1789261200026	2026-09-17T00:36:34.348256Z	2026-09-13T01:00:00.026Z	ok	Y
01M2PCPJN7VJVEZ76H38HYM341	ETH	funding	hyperliquid.info	fundingHistory:ETH:1789264800029	2026-09-17T00:36:34.348256Z	2026-09-13T02:00:00.029Z	ok	Y
01M2PCPJNGQED0YSS0T60PQRPN	ETH	funding	hyperliquid.info	fundingHistory:ETH:1789268400061	2026-09-17T00:36:34.348256Z	2026-09-13T03:00:00.061Z	ok	Y
01M2PCPJNS689X5KJBAW2CYMFF	ETH	funding	hyperliquid.info	fundingHistory:ETH:1789272000042	2026-09-17T00:36:34.348256Z	2026-09-13T04:00:00.042Z	ok	Y
01M2PCPJP0KMC5Q3YXPNHWSTC0	ETH	funding	hyperliquid.info	fundingHistory:ETH:1789275600117	2026-09-17T00:36:34.348256Z	2026-09-13T05:00:00.117Z	ok	Y
01M2PCPJP91WR25FSZMA7TRBQB	ETH	funding	hyperliquid.info	fundingHistory:ETH:1789279200007	2026-09-17T00:36:34.348256Z	2026-09-13T06:00:00.007Z	ok	Y
01M2PCPJPJ8T48JZQD6YAHGGBM	ETH	funding	hyperliquid.info	fundingHistory:ETH:1789282800041	2026-09-17T00:36:34.348256Z	2026-09-13T07:00:00.041Z	ok	Y
01M2PCPJPVZ5Z6G3M30A45T4N4	ETH	funding	hyperliquid.info	fundingHistory:ETH:1789286400020	2026-09-17T00:36:34.348256Z	2026-09-13T08:00:00.020Z	ok	Y
01M2PCPJQ44WEA76NEDF2F15AT	ETH	funding	hyperliquid.info	fundingHistory:ETH:1789290000029	2026-09-17T00:36:34.348256Z	2026-09-13T09:00:00.029Z	ok	Y
01M2PCPJQC3ZM21D4BG1SXHHRA	ETH	funding	hyperliquid.info	fundingHistory:ETH:1789293600008	2026-09-17T00:36:34.348256Z	2026-09-13T10:00:00.008Z	ok	Y
01M2PCPJQNTD59XRF202ETWHMC	ETH	funding	hyperliquid.info	fundingHistory:ETH:1789297200026	2026-09-17T00:36:34.348256Z	2026-09-13T11:00:00.026Z	ok	Y
01M2PCPJQX06WRPZHSGFYN9N7S	ETH	funding	hyperliquid.info	fundingHistory:ETH:1789300800053	2026-09-17T00:36:34.348256Z	2026-09-13T12:00:00.053Z	ok	Y
01M2PCPJR5XSA1HDVHHHJJ8KCV	ETH	funding	hyperliquid.info	fundingHistory:ETH:1789304400019	2026-09-17T00:36:34.348256Z	2026-09-13T13:00:00.019Z	ok	Y
01M2PCPJREBD8CG8H07A67FXR2	ETH	funding	hyperliquid.info	fundingHistory:ETH:1789308000107	2026-09-17T00:36:34.348256Z	2026-09-13T14:00:00.107Z	ok	Y
01M2PCPJRQ95RX7QF2Q9BS1TMA	ETH	funding	hyperliquid.info	fundingHistory:ETH:1789311600038	2026-09-17T00:36:34.348256Z	2026-09-13T15:00:00.038Z	ok	Y
01M2PCPJS0Q43GV2SN17R4MN6E	ETH	funding	hyperliquid.info	fundingHistory:ETH:1789315200070	2026-09-17T00:36:34.348256Z	2026-09-13T16:00:00.070Z	ok	Y
01M2PCPJS9VED7Q971T1N5TM4V	ETH	funding	hyperliquid.info	fundingHistory:ETH:1789318800040	2026-09-17T00:36:34.348256Z	2026-09-13T17:00:00.040Z	ok	Y
01M2PCPJSJM66A34DD5N2BFQSZ	ETH	funding	hyperliquid.info	fundingHistory:ETH:1789322400042	2026-09-17T00:36:34.348256Z	2026-09-13T18:00:00.042Z	ok	Y
01M2PCPJSTWQ7M5DBVCDYVWAJ2	ETH	funding	hyperliquid.info	fundingHistory:ETH:1789326000020	2026-09-17T00:36:34.348256Z	2026-09-13T19:00:00.020Z	ok	Y
01M2PCPJT13MRJFG73EMW1Q0KE	ETH	funding	hyperliquid.info	fundingHistory:ETH:1789329600000	2026-09-17T00:36:34.348256Z	2026-09-13T20:00:00.000Z	ok	Y
01M2PCPJTAX7RG0A064P56ZKQY	ETH	funding	hyperliquid.info	fundingHistory:ETH:1789333200020	2026-09-17T00:36:34.348256Z	2026-09-13T21:00:00.020Z	ok	Y
01M2PCPJTHNTMMB0C60B7JEABX	ETH	funding	hyperliquid.info	fundingHistory:ETH:1789336800010	2026-09-17T00:36:34.348256Z	2026-09-13T22:00:00.010Z	ok	Y
01M2PCPJTSP4JWMJ18C13C9MKM	ETH	funding	hyperliquid.info	fundingHistory:ETH:1789340400023	2026-09-17T00:36:34.348256Z	2026-09-13T23:00:00.023Z	ok	Y
01M2PCPJTZM4CVR0901YC3CS7Z	ETH	funding	hyperliquid.info	fundingHistory:ETH:1789344000068	2026-09-17T00:36:34.348256Z	2026-09-14T00:00:00.068Z	ok	Y
01M2PCPJV80041GWNEGMJ0S5EY	ETH	funding	hyperliquid.info	fundingHistory:ETH:1789347600018	2026-09-17T00:36:34.348256Z	2026-09-14T01:00:00.018Z	ok	Y
01M2PCPJVHZC8S8F18EE0WHWG0	ETH	funding	hyperliquid.info	fundingHistory:ETH:1789351200022	2026-09-17T00:36:34.348256Z	2026-09-14T02:00:00.022Z	ok	Y
01M2PCPJVTHMZ554GYYFKS3SY0	ETH	funding	hyperliquid.info	fundingHistory:ETH:1789354800024	2026-09-17T00:36:34.348256Z	2026-09-14T03:00:00.024Z	ok	Y
01M2PCPJW41RV7PPR69863J7PA	ETH	funding	hyperliquid.info	fundingHistory:ETH:1789358400022	2026-09-17T00:36:34.348256Z	2026-09-14T04:00:00.022Z	ok	Y
01M2PCPJWD0P8M47BD77FPPXX6	ETH	funding	hyperliquid.info	fundingHistory:ETH:1789362000040	2026-09-17T00:36:34.348256Z	2026-09-14T05:00:00.040Z	ok	Y
01M2PCPJWP4NZCW2AFEAFZVR3P	ETH	funding	hyperliquid.info	fundingHistory:ETH:1789365600057	2026-09-17T00:36:34.348256Z	2026-09-14T06:00:00.057Z	ok	Y
01M2PCPJWYSTPD31VYKYTJVFA2	ETH	funding	hyperliquid.info	fundingHistory:ETH:1789369200040	2026-09-17T00:36:34.348256Z	2026-09-14T07:00:00.040Z	ok	Y
01M2PCPJX6B861AG942G1BJYKR	ETH	funding	hyperliquid.info	fundingHistory:ETH:1789372800034	2026-09-17T00:36:34.348256Z	2026-09-14T08:00:00.034Z	ok	Y
01M2PCPJXE87XE2NDAZZ1NYM8E	ETH	funding	hyperliquid.info	fundingHistory:ETH:1789376400007	2026-09-17T00:36:34.348256Z	2026-09-14T09:00:00.007Z	ok	Y
01M2PCPJXPDE26WE2TDS3TFGJ4	ETH	funding	hyperliquid.info	fundingHistory:ETH:1789380000021	2026-09-17T00:36:34.348256Z	2026-09-14T10:00:00.021Z	ok	Y
01M2PCPJXZE1XKZX4GDPRHCD3V	ETH	funding	hyperliquid.info	fundingHistory:ETH:1789383600121	2026-09-17T00:36:34.348256Z	2026-09-14T11:00:00.121Z	ok	Y
01M2PCPJY7QCKQR52K9A9HYN8M	ETH	funding	hyperliquid.info	fundingHistory:ETH:1789387200046	2026-09-17T00:36:34.348256Z	2026-09-14T12:00:00.046Z	ok	Y
01M2PCPJYF2K85FGEWZFV4H35Y	ETH	funding	hyperliquid.info	fundingHistory:ETH:1789390800014	2026-09-17T00:36:34.348256Z	2026-09-14T13:00:00.014Z	ok	Y
01M2PCPJYR8M601RK2E54FTPN0	ETH	funding	hyperliquid.info	fundingHistory:ETH:1789394400028	2026-09-17T00:36:34.348256Z	2026-09-14T14:00:00.028Z	ok	Y
01M2PCPJZ1GJWSQWRWN9GAQMEK	ETH	funding	hyperliquid.info	fundingHistory:ETH:1789398000030	2026-09-17T00:36:34.348256Z	2026-09-14T15:00:00.030Z	ok	Y
01M2PCPJZAXBYG7AE5JXBY5Z50	ETH	funding	hyperliquid.info	fundingHistory:ETH:1789401600030	2026-09-17T00:36:34.348256Z	2026-09-14T16:00:00.030Z	ok	Y
01M2PCPJZJ2VCSHSWMT68M441A	ETH	funding	hyperliquid.info	fundingHistory:ETH:1789405200041	2026-09-17T00:36:34.348256Z	2026-09-14T17:00:00.041Z	ok	Y
01M2PCPJZTG5DX85BMGZMWSPGA	ETH	funding	hyperliquid.info	fundingHistory:ETH:1789408800060	2026-09-17T00:36:34.348256Z	2026-09-14T18:00:00.060Z	ok	Y
01M2PCPK03YX5CFMFMZDFYGKCT	ETH	funding	hyperliquid.info	fundingHistory:ETH:1789412400016	2026-09-17T00:36:34.348256Z	2026-09-14T19:00:00.016Z	ok	Y
01M2PCPK0AV93QHK27ZVF6R84D	ETH	funding	hyperliquid.info	fundingHistory:ETH:1789416000079	2026-09-17T00:36:34.348256Z	2026-09-14T20:00:00.079Z	ok	Y
01M2PCPK0JJY80A3KBE61THSAS	ETH	funding	hyperliquid.info	fundingHistory:ETH:1789419600027	2026-09-17T00:36:34.348256Z	2026-09-14T21:00:00.027Z	ok	Y
01M2PCPK0VW083MRZ11ZZVAN10	ETH	funding	hyperliquid.info	fundingHistory:ETH:1789423200047	2026-09-17T00:36:34.348256Z	2026-09-14T22:00:00.047Z	ok	Y
01M2PCPK14GDXBZFQY4BNA0C6R	ETH	funding	hyperliquid.info	fundingHistory:ETH:1789426800132	2026-09-17T00:36:34.348256Z	2026-09-14T23:00:00.132Z	ok	Y
01M2PCPK1DP0JBZHT5T52EFG5F	ETH	funding	hyperliquid.info	fundingHistory:ETH:1789430400024	2026-09-17T00:36:34.348256Z	2026-09-15T00:00:00.024Z	ok	Y
01M2PCPK1PKSGWT51FWF12HXZ2	ETH	funding	hyperliquid.info	fundingHistory:ETH:1789434000042	2026-09-17T00:36:34.348256Z	2026-09-15T01:00:00.042Z	ok	Y
01M2PCPK1YHPEZ94HY7CFSMVKN	ETH	funding	hyperliquid.info	fundingHistory:ETH:1789437600052	2026-09-17T00:36:34.348256Z	2026-09-15T02:00:00.052Z	ok	Y
01M2PCPK26XB0RE0JQN3BK6AQE	ETH	funding	hyperliquid.info	fundingHistory:ETH:1789441200097	2026-09-17T00:36:34.348256Z	2026-09-15T03:00:00.097Z	ok	Y
01M2PCPK2E55H75D8ME8XMRGEC	ETH	funding	hyperliquid.info	fundingHistory:ETH:1789444800037	2026-09-17T00:36:34.348256Z	2026-09-15T04:00:00.037Z	ok	Y
01M2PCPK2QJY2K2D9DZ3ZNV0WS	ETH	funding	hyperliquid.info	fundingHistory:ETH:1789448400016	2026-09-17T00:36:34.348256Z	2026-09-15T05:00:00.016Z	ok	Y
01M2PCPK2Z7F6QFJ9ZN7WN6QM0	ETH	funding	hyperliquid.info	fundingHistory:ETH:1789452000003	2026-09-17T00:36:34.348256Z	2026-09-15T06:00:00.003Z	ok	Y
01M2PCPK38YFMDDRKT5BXVTP1X	ETH	funding	hyperliquid.info	fundingHistory:ETH:1789455600083	2026-09-17T00:36:34.348256Z	2026-09-15T07:00:00.083Z	ok	Y
01M2PCPK3H532E49J76VAC1V81	ETH	funding	hyperliquid.info	fundingHistory:ETH:1789459200008	2026-09-17T00:36:34.348256Z	2026-09-15T08:00:00.008Z	ok	Y
01M2PCPK3QKJKEFFY5HWV0211V	ETH	funding	hyperliquid.info	fundingHistory:ETH:1789462800049	2026-09-17T00:36:34.348256Z	2026-09-15T09:00:00.049Z	ok	Y
01M2PCPK40QHN029Z2QV9ZBBCY	ETH	funding	hyperliquid.info	fundingHistory:ETH:1789466400030	2026-09-17T00:36:34.348256Z	2026-09-15T10:00:00.030Z	ok	Y
01M2PCPK49M92PYSE94YTHHVTN	ETH	funding	hyperliquid.info	fundingHistory:ETH:1789470000036	2026-09-17T00:36:34.348256Z	2026-09-15T11:00:00.036Z	ok	Y
01M2PCPK4JTYWYAKT92F9JD93V	ETH	funding	hyperliquid.info	fundingHistory:ETH:1789473600039	2026-09-17T00:36:34.348256Z	2026-09-15T12:00:00.039Z	ok	Y
01M2PCPK4TAXTHA6T1K1PSW4GE	ETH	funding	hyperliquid.info	fundingHistory:ETH:1789477200117	2026-09-17T00:36:34.348256Z	2026-09-15T13:00:00.117Z	ok	Y
01M2PCPK53DVM0BH5003JAGM3P	ETH	funding	hyperliquid.info	fundingHistory:ETH:1789480800005	2026-09-17T00:36:34.348256Z	2026-09-15T14:00:00.005Z	ok	Y
01M2PCPK5CTCHJ66R1V0432NZ7	ETH	funding	hyperliquid.info	fundingHistory:ETH:1789484400050	2026-09-17T00:36:34.348256Z	2026-09-15T15:00:00.050Z	ok	Y
01M2PCPK5MVA1JZ0Q04HHMF6VP	ETH	funding	hyperliquid.info	fundingHistory:ETH:1789488000014	2026-09-17T00:36:34.348256Z	2026-09-15T16:00:00.014Z	ok	Y
01M2PCPK5XZ0VJ5N12RBCGF3R0	ETH	funding	hyperliquid.info	fundingHistory:ETH:1789491600014	2026-09-17T00:36:34.348256Z	2026-09-15T17:00:00.014Z	ok	Y
01M2PCPK66REPBHYWAR81FSRB9	ETH	funding	hyperliquid.info	fundingHistory:ETH:1789495200017	2026-09-17T00:36:34.348256Z	2026-09-15T18:00:00.017Z	ok	Y
01M2PCPK6E3CDF8F5TGB31HGTF	ETH	funding	hyperliquid.info	fundingHistory:ETH:1789498800047	2026-09-17T00:36:34.348256Z	2026-09-15T19:00:00.047Z	ok	Y
01M2PCPK6RVJPWJMEQ3S3W8D64	ETH	funding	hyperliquid.info	fundingHistory:ETH:1789502400033	2026-09-17T00:36:34.348256Z	2026-09-15T20:00:00.033Z	ok	Y
01M2PCPK71ZFCSZPVSZ6YHMKPA	ETH	funding	hyperliquid.info	fundingHistory:ETH:1789506000077	2026-09-17T00:36:34.348256Z	2026-09-15T21:00:00.077Z	ok	Y
01M2PCPK7ACHSDG6SAS37S519E	ETH	funding	hyperliquid.info	fundingHistory:ETH:1789509600043	2026-09-17T00:36:34.348256Z	2026-09-15T22:00:00.043Z	ok	Y
01M2PCPK7K5GK4SZZNNR9EWST0	ETH	funding	hyperliquid.info	fundingHistory:ETH:1789513200062	2026-09-17T00:36:34.348256Z	2026-09-15T23:00:00.062Z	ok	Y
01M2PCPK7TSGD2D9YFBTA2F5KE	ETH	funding	hyperliquid.info	fundingHistory:ETH:1789516800021	2026-09-17T00:36:34.348256Z	2026-09-16T00:00:00.021Z	ok	Y
01M2PCPK83E5G8KPARVAMTZKCW	ETH	funding	hyperliquid.info	fundingHistory:ETH:1789520400024	2026-09-17T00:36:34.348256Z	2026-09-16T01:00:00.024Z	ok	Y
01M2PCPK8C12W6J7WFGC88RFCH	ETH	funding	hyperliquid.info	fundingHistory:ETH:1789524000058	2026-09-17T00:36:34.348256Z	2026-09-16T02:00:00.058Z	ok	Y
01M2PCPK8NVFV09D34SJBTF96V	ETH	funding	hyperliquid.info	fundingHistory:ETH:1789527600035	2026-09-17T00:36:34.348256Z	2026-09-16T03:00:00.035Z	ok	Y
01M2PCPK8YV58QRNW5JZ0D9QG7	ETH	funding	hyperliquid.info	fundingHistory:ETH:1789531200018	2026-09-17T00:36:34.348256Z	2026-09-16T04:00:00.018Z	ok	Y
01M2PCPK971X2H6MJNTH7CRD9C	ETH	funding	hyperliquid.info	fundingHistory:ETH:1789534800004	2026-09-17T00:36:34.348256Z	2026-09-16T05:00:00.004Z	ok	Y
01M2PCPK9FHCFFGM299GYES7X3	ETH	funding	hyperliquid.info	fundingHistory:ETH:1789538400081	2026-09-17T00:36:34.348256Z	2026-09-16T06:00:00.081Z	ok	Y
01M2PCPK9R4ZHZND10Z2J8FQA8	ETH	funding	hyperliquid.info	fundingHistory:ETH:1789542000026	2026-09-17T00:36:34.348256Z	2026-09-16T07:00:00.026Z	ok	Y
01M2PCPKA0N0DPXT13QYHW8NHT	ETH	funding	hyperliquid.info	fundingHistory:ETH:1789545600035	2026-09-17T00:36:34.348256Z	2026-09-16T08:00:00.035Z	ok	Y
01M2PCPKAAWYRXD2HV89HNGDCW	ETH	funding	hyperliquid.info	fundingHistory:ETH:1789549200091	2026-09-17T00:36:34.348256Z	2026-09-16T09:00:00.091Z	ok	Y
01M2PCPKAKK179X8SH7KFDBG2C	ETH	funding	hyperliquid.info	fundingHistory:ETH:1789552800004	2026-09-17T00:36:34.348256Z	2026-09-16T10:00:00.004Z	ok	Y
01M2PCPKAWXW1H1SHSA2Z5PJQB	ETH	funding	hyperliquid.info	fundingHistory:ETH:1789556400029	2026-09-17T00:36:34.348256Z	2026-09-16T11:00:00.029Z	ok	Y
01M2PCPKB51ZHMZXGRMVE92898	ETH	funding	hyperliquid.info	fundingHistory:ETH:1789560000079	2026-09-17T00:36:34.348256Z	2026-09-16T12:00:00.079Z	ok	Y
01M2PCPKBEXDB4X0TZZ8HGXD08	ETH	funding	hyperliquid.info	fundingHistory:ETH:1789563600018	2026-09-17T00:36:34.348256Z	2026-09-16T13:00:00.018Z	ok	Y
01M2PCPKBPNZJ80ERG5SDQZSAV	ETH	funding	hyperliquid.info	fundingHistory:ETH:1789567200013	2026-09-17T00:36:34.348256Z	2026-09-16T14:00:00.013Z	ok	Y
01M2PCPKBW9C6NPG2AY4KS8NQH	ETH	funding	hyperliquid.info	fundingHistory:ETH:1789570800012	2026-09-17T00:36:34.348256Z	2026-09-16T15:00:00.012Z	ok	Y
01M2PCPKC4KZB2VNBNRB0SPCVH	ETH	funding	hyperliquid.info	fundingHistory:ETH:1789574400037	2026-09-17T00:36:34.348256Z	2026-09-16T16:00:00.037Z	ok	Y
01M2PCPKCDZHZA7PMTKYKHVENZ	ETH	funding	hyperliquid.info	fundingHistory:ETH:1789578000112	2026-09-17T00:36:34.348256Z	2026-09-16T17:00:00.112Z	ok	Y
01M2PCPKCPEV0550XYYN3NYRJG	ETH	funding	hyperliquid.info	fundingHistory:ETH:1789581600011	2026-09-17T00:36:34.348256Z	2026-09-16T18:00:00.011Z	ok	Y
01M2PCPKCYX0GDC0X86ZW8ZTG2	ETH	funding	hyperliquid.info	fundingHistory:ETH:1789585200054	2026-09-17T00:36:34.348256Z	2026-09-16T19:00:00.054Z	ok	Y
01M2PCPKD8EYHWDCSEB6QG6KPD	ETH	funding	hyperliquid.info	fundingHistory:ETH:1789588800091	2026-09-17T00:36:34.348256Z	2026-09-16T20:00:00.091Z	ok	Y
01M2PCPKDJ2CKX399F7XA3KJ3S	ETH	funding	hyperliquid.info	fundingHistory:ETH:1789592400031	2026-09-17T00:36:34.348256Z	2026-09-16T21:00:00.031Z	ok	Y
01M2PCPKDVSBRXN9RP4JAFV6MK	ETH	funding	hyperliquid.info	fundingHistory:ETH:1789596000002	2026-09-17T00:36:34.348256Z	2026-09-16T22:00:00.002Z	ok	Y
01M2PCPKE2YNNFVE4G0VXXH7WY	ETH	funding	hyperliquid.info	fundingHistory:ETH:1789599600022	2026-09-17T00:36:34.348256Z	2026-09-16T23:00:00.022Z	ok	Y
01M2PCPKEAER3DMP3RQ1K5M6C0	ETH	funding	hyperliquid.info	fundingHistory:ETH:1789603200048	2026-09-17T00:36:34.348256Z	2026-09-17T00:00:00.048Z	ok	Y
01M2PCPEJJDY9CCFJ8BZ6YWFAF	ETH	mark_px	hyperliquid.info	metaAndAssetCtxs	2026-09-17T00:36:34.348256Z	NULL	contradicted	Y
01M2PCXAG2BA0X80WQZAZYZXJK	ETH	mark_px	hyperliquid.info	metaAndAssetCtxs	2026-09-17T00:40:19.321319Z	NULL	contradicted	Y
01M2PCPEGH9GHX0VQER7RNQJSW	ETH	mid_px	hyperliquid.info	allMids	2026-09-17T00:36:34.348256Z	NULL	contradicted	Y
01M2PCXADESR5R4REWZCJR0BQZ	ETH	mid_px	hyperliquid.info	allMids	2026-09-17T00:40:19.321319Z	NULL	contradicted	Y
01M2PCPEKBG9ER5VGR28PQRY11	ETH	open_interest	hyperliquid.info	metaAndAssetCtxs	2026-09-17T00:36:34.348256Z	NULL	contradicted	Y
01M2PCXAGW9T101R7NX9AZK9K0	ETH	open_interest	hyperliquid.info	metaAndAssetCtxs	2026-09-17T00:40:19.321319Z	NULL	contradicted	Y
01M2PCPEJVD2FFFPCRX0M4Z5BV	ETH	oracle_px	hyperliquid.info	metaAndAssetCtxs	2026-09-17T00:36:34.348256Z	NULL	contradicted	Y
01M2PCXAGETNM0FPKGPYCMXHCH	ETH	oracle_px	hyperliquid.info	metaAndAssetCtxs	2026-09-17T00:40:19.321319Z	NULL	contradicted	Y
01M2PCX8ZJZCKC52NQ03PHNZWE	USD	fed_funds_target_range	federalreserve.gov	https://www.federalreserve.gov/newsevents/pressreleases/monetary20260916a1.htm	2026-09-17T00:40:18.318271Z	2026-09-17T00:00:00.000Z	ok	Y
01M2PCX90PQAP96J62RR6EWQ35	USD	fomc_ff_hike_bp	federalreserve.gov	https://www.federalreserve.gov/newsevents/pressreleases/monetary20260916a.htm	2026-09-17T00:40:18.318271Z	2026-09-16T00:00:00.000Z	ok	Y
01M2PCX9005R4S8GRPQJP96CRP	USD	iorb	federalreserve.gov	https://www.federalreserve.gov/newsevents/pressreleases/monetary20260916a1.htm	2026-09-17T00:40:18.318271Z	2026-09-17T00:00:00.000Z	ok	Y
01M2PCX90C2J9RPG17CSZDTV3Q	USD	primary_credit	federalreserve.gov	https://www.federalreserve.gov/newsevents/pressreleases/monetary20260916a1.htm	2026-09-17T00:40:18.318271Z	2026-09-17T00:00:00.000Z	ok	Y
01M2PCX91243QK9V8HCCWQFASY	USD	further_tightening	reuters.com	https://www.reuters.com/business/fed-forecasts-see-latest-hike-followed-by-another-before-end-year-2026-09-16/	2026-09-17T00:40:18.318271Z	2026-09-16T18:05:00.000Z	partial	Y
